sym,date,side,trigger,signal_candle,entry,stop,target,risk,risk_pct,atr,tod_rvol,vwap,ema9,ema21,close,upper,lower,entry_time,fill,exit_time,exit_price,gross_R,cost_R,net_R,candles_left,status
ADANIENT,2026-08-13,SELL,BREAKOUT,2026-08-13 10:00:00+05:30,2939.440456717355,2958.39990234375,2901.5215654645654,18.95944562639488,0.6450018602373052,13.192818777901786,3.0604705243178056,2966.5306008168186,2963.522586392178,2965.861460319443,2944.5,3003.182408931981,2965.533351525183,2026-08-13 10:15:00+05:30,2939.440456717355,2026-08-13 12:00:00+05:30,2958.39990234375,-1.0,0.07751915627282734,-1.0775191562728272,,STOP LOSS HIT
ADANIENT,2026-08-19,SELL,BREAKOUT,2026-08-19 12:15:00+05:30,2969.8041896275113,2984.800048828125,2939.812471226284,14.995859200613722,0.5049443748846817,11.914254324776786,2.083771807071555,2992.5756794772665,2986.3830643044353,2997.2201128717243,2973.89990234375,3035.2358133803336,2977.327066553338,,,,,,,,,CANCELLED
ADANIENT,2026-08-25,BUY,BREAKOUT,2026-08-25 10:45:00+05:30,3029.6466866629466,3007.243157087054,3074.4537458147324,22.403529575892858,0.7394766417654326,14.935686383928571,5.876905435737289,2991.891867424305,2992.1674331368113,2989.10861438699,3024.300048828125,3018.0279221173214,2971.4227606087948,2026-08-25 11:00:00+05:30,3029.6466866629466,2026-08-25 14:45:00+05:30,3074.4537458147324,2.0000000000000027,0.06761538793251073,1.932384612067492,,TARGET HIT
ADANIENT,2026-08-31,SELL,BREAKOUT,2026-08-31 12:15:00+05:30,3078.4570434570314,3095.699951171875,3043.9712280273443,17.242907714843568,0.5601152613609384,18.857177734375,2.970530280536447,3083.7545974762875,3086.9858552043256,3101.9706914649755,3079.39990234375,3199.481048075952,3117.318516317005,2026-08-31 12:30:00+05:30,3078.4570434570314,2026-08-31 12:45:00+05:30,3043.9712280273443,2.0,0.08926734093713613,1.910732659062864,,TARGET HIT
ADANIENT,2026-09-01,SELL,REVERSAL,2026-09-01 11:15:00+05:30,2889.4878583635605,2916.527862572575,2857.039853312743,27.04000420901457,0.9358061197851328,30.242832728794642,1.948684225706342,2913.5035792996955,2911.8177140190814,2954.399876573536,2894.39990234375,2939.7256206682673,2834.848631286694,2026-09-01 11:30:00+05:30,2889.4878583635605,2026-09-01 13:30:00+05:30,2857.039853312743,1.1999999999999933,0.05342987072095695,1.1465701292790365,,TARGET HIT
ADANIENT,2026-09-09,BUY,BREAKOUT,2026-09-09 10:00:00+05:30,3080.9989283970426,3051.0310764857704,3140.9346322195875,29.967851911272323,0.9726667424342065,19.978567940848215,7.636554012595359,3047.1266728321507,3011.44394890589,2981.2303645795705,3076.800048828125,2974.140767691006,2932.1599891874316,2026-09-09 10:15:00+05:30,3080.9989283970426,2026-09-09 10:45:00+05:30,3140.9346322195875,2.000000000000006,0.051405067962814736,1.9485949320371916,,TARGET HIT
ADANIENT,2026-10-08,SELL,BREAKOUT,2026-10-08 09:45:00+05:30,2631.8499982561384,2659.39990234375,2576.750190080915,27.549904087611594,1.0467885368036225,23.000034877232142,4.330780087951165,2668.194990130383,2704.3131003926283,2746.581587942497,2634.699951171875,2753.226770639036,2731.7769576769097,2026-10-08 10:00:00+05:30,2631.8499982561384,2026-10-08 12:00:00+05:30,2576.750190080915,2.0,0.04776513903436067,1.9522348609656393,,TARGET HIT
ADANIPORTS,2026-08-31,SELL,BREAKOUT,2026-08-31 12:45:00+05:30,1658.705357142857,1667.544642857143,1641.0267857142858,8.839285714285715,0.5329027048849415,5.892857142857143,3.8151683740154514,1680.0622632889376,1678.3759101711516,1685.282980746785,1660.199951171875,1723.637489235817,1692.9760956575062,2026-08-31 13:00:00+05:30,1658.705357142857,2026-08-31 15:00:00+05:30,1641.0267857142858,1.9999999999999887,0.09382575757575756,1.9061742424242312,,TARGET HIT
ADANIPORTS,2026-09-03,BUY,BREAKOUT,2026-09-03 10:15:00+05:30,1707.5810224260604,1696.1488848005024,1730.4452976771765,11.432137625558035,0.6694931294865134,7.621425083705357,2.502102903770116,1700.5398772017513,1691.8085504937246,1680.2479039185284,1707.0,1701.928674851091,1660.893386768937,2026-09-03 10:30:00+05:30,1707.5810224260604,2026-09-03 15:15:00+05:30,1699.0,-0.7506052417420498,0.07468336536679458,-0.8252886071088443,,TIME EXIT
ADANIPORTS,2026-09-09,BUY,BREAKOUT,2026-09-09 10:00:00+05:30,1741.3600001743862,1730.5599949428013,1762.9600106375558,10.800005231584821,0.6202051976904988,7.200003487723214,3.2161057060540577,1721.5957091955447,1717.6674556650676,1710.4862307504532,1739.5999755859375,1720.6304418300954,1695.3944247005015,2026-09-09 10:15:00+05:30,1741.3600001743862,2026-09-09 12:30:00+05:30,1762.9600106375558,1.9999999999999971,0.08061847947451663,1.9193815205254805,,TARGET HIT
APOLLOHOSP,2026-08-11,SELL,BREAKOUT,2026-08-11 11:30:00+05:30,8732.82142857143,8765.0,8668.464285714288,32.17857142857065,0.368478523141342,53.57142857142857,2.5884372199856127,8810.928335189043,8797.154412306068,8837.62911637225,8738.5,8963.28537675347,8880.284019747305,2026-08-11 12:00:00+05:30,8732.82142857143,2026-08-11 14:00:00+05:30,8765.0,-1.0,0.13569311875694004,-1.1356931187569401,,STOP LOSS HIT
APOLLOHOSP,2026-08-12,SELL,BREAKOUT,2026-08-12 10:15:00+05:30,8595.948214285714,8657.501785714285,8472.841071428571,61.55357142857143,0.7160765734520688,41.035714285714285,2.5267659974109704,8620.546335199653,8657.104248886617,8709.06935046478,8599.5,8798.962977984598,8711.07756848516,2026-08-12 10:30:00+05:30,8595.948214285714,2026-08-12 15:15:00+05:30,8567.0,0.4702930084131103,0.06982493472584857,0.4004680736872617,,TIME EXIT
APOLLOHOSP,2026-08-13,SELL,REVERSAL,2026-08-13 14:15:00+05:30,8561.855357142857,8596.194642857143,8520.648214285713,34.339285714285715,0.40107294834918755,22.892857142857142,2.4236928526622634,8651.564818700714,8589.625969551678,8598.889313462416,8565.0,8778.116861777886,8528.274483469657,2026-08-13 14:30:00+05:30,8561.855357142857,2026-08-13 14:30:00+05:30,8596.194642857143,-1.000000000000015,0.12466560062402496,-1.12466560062404,,STOP LOSS HIT
APOLLOHOSP,2026-08-14,BUY,BREAKOUT,2026-08-14 09:45:00+05:30,8816.871428571429,8765.0,8920.614285714286,51.87142857142862,0.5883201200296191,37.42857142857143,4.160264624126482,8739.79287290236,8680.504542162156,8640.141094753393,8809.5,8666.959519618727,8543.106635456323,2026-08-14 10:00:00+05:30,8816.871428571429,2026-08-14 15:00:00+05:30,8920.614285714286,2.0,0.08498774442302387,1.9150122555769762,,TARGET HIT
APOLLOHOSP,2026-09-08,BUY,BREAKOUT,2026-09-08 11:30:00+05:30,8851.246428571429,8799.5,8954.739285714286,51.74642857142862,0.5846230696322436,34.92857142857143,3.820705466825709,8795.464411746867,8793.882021107089,8773.639816407634,8847.5,8810.664660315457,8721.88972079072,,,,,,,,,CANCELLED
APOLLOHOSP,2026-09-09,BUY,BREAKOUT,2026-09-09 11:30:00+05:30,8949.169642857143,8918.0,9011.50892857143,31.169642857143117,0.3482964800205954,33.392857142857146,2.264051196438509,8922.743779044551,8919.448824783918,8884.837194314516,8945.0,8880.26852894361,8765.871814744012,2026-09-09 11:45:00+05:30,8949.169642857143,2026-09-09 15:15:00+05:30,8935.0,-0.45459753652249096,0.14355585792036546,-0.5981533944428564,,TIME EXIT
APOLLOHOSP,2026-09-23,BUY,BREAKOUT,2026-09-23 13:45:00+05:30,9009.858928571428,8982.829351785713,9063.918082142856,27.029576785714283,0.3,17.178571428571427,2.2603533518810583,8936.667704910871,8968.257331921033,8945.248532574486,9007.0,8955.887565471618,8771.517957068609,2026-09-23 14:00:00+05:30,9009.858928571428,2026-09-23 15:00:00+05:30,9063.918082142856,1.9999999999999938,0.16666666666666666,1.833333333333327,,TARGET HIT
APOLLOHOSP,2026-09-30,SELL,BREAKOUT,2026-09-30 10:00:00+05:30,8242.132142857143,8306.5,8113.396428571428,64.36785714285725,0.7809612370585467,67.35714285714286,22.201489877992906,8287.248465665287,8457.417201865845,8601.040858362978,8252.0,8705.682157617744,8572.036184844841,2026-09-30 10:15:00+05:30,8242.132142857143,2026-09-30 13:30:00+05:30,8113.396428571428,2.0,0.0640236642068467,1.9359763357931532,,TARGET HIT
APOLLOHOSP,2026-10-05,BUY,REVERSAL,2026-10-05 13:30:00+05:30,8054.191071428571,8030.028498214286,8083.186159285714,24.162573214285715,0.3,23.821428571428573,1.6522246863583283,8013.750862961583,8047.559083098675,8046.681548885827,8045.5,8226.522115079992,7940.138731379788,,,,,,,,,CANCELLED
APOLLOHOSP,2026-10-06,SELL,BREAKOUT,2026-10-06 12:00:00+05:30,7859.95,7892.0,7795.849999999999,32.05000000000018,0.4077634081641764,41.0,2.1019256149724117,7882.629176171413,7890.320333479319,7927.56044749233,7865.0,8054.5299630582085,7915.4700369417915,2026-10-06 12:15:00+05:30,7859.95,2026-10-06 14:45:00+05:30,7892.0,-1.0,0.1226201248049915,-1.1226201248049914,,STOP LOSS HIT
ASIANPAINT,2026-08-28,SELL,BREAKOUT,2026-08-28 10:15:00+05:30,2615.6000008719307,2627.5999747140067,2591.600053187779,11.999973842075892,0.45878474682962256,7.999982561383929,2.037399664189414,2629.5696970814824,2633.50342663039,2638.052858544468,2619.0,2645.286281712539,2619.826981070961,2026-08-28 10:30:00+05:30,2615.6000008719307,2026-08-28 13:15:00+05:30,2591.600053187779,1.9999999999999947,0.10898357093499524,1.8910164290649993,,TARGET HIT
ASIANPAINT,2026-09-01,SELL,BREAKOUT,2026-09-01 14:30:00+05:30,2567.749640764509,2575.4528896868023,2552.343142919922,7.703248922293527,0.3,5.007184709821429,3.4415242860629727,2580.023267273298,2573.0941297932904,2576.3516731738955,2571.0,2668.6482711403014,2602.2589102710654,2026-09-01 14:45:00+05:30,2567.749640764509,2026-09-01 15:15:00+05:30,2562.800048828125,0.6425330385027076,0.16666666666666666,0.47586637183604097,,TIME EXIT
ASIANPAINT,2026-10-05,SELL,BREAKOUT,2026-10-05 10:15:00+05:30,2353.4839285714284,2368.966071428571,2322.5196428571426,15.482142857142858,0.6578393278657554,10.321428571428571,3.343066017985705,2378.059290055,2382.6434307961586,2387.5968639806115,2360.39990234375,2415.5421486751106,2392.8776277304482,2026-10-05 10:30:00+05:30,2353.4839285714284,2026-10-05 15:15:00+05:30,2363.0,-0.6146482122260811,0.07600640138408303,-0.6906546136101641,,TIME EXIT
AXISBANK,2026-09-24,SELL,BREAKOUT,2026-09-24 10:00:00+05:30,1195.2603319440568,1202.300048828125,1181.1808981759204,7.039716884068184,0.5889693396432127,6.792872837611607,2.1695389754229946,1201.1273010581056,1217.6265891386115,1230.8717299214743,1196.4000244140625,1250.0644406627243,1208.2912201906697,2026-09-24 10:15:00+05:30,1195.2603319440568,2026-09-24 13:30:00+05:30,1181.1808981759204,2.0,0.08489406261841936,1.9151059373815806,,TARGET HIT
BSE,2026-08-05,SELL,BREAKOUT,2026-08-05 09:45:00+05:30,3553.901784842355,3586.10009765625,3489.505159214565,32.19831281389497,0.9059989488517403,21.964303152901785,4.318651051843505,3584.1439382503418,3587.5132014232795,3595.4746068659383,3559.699951171875,3686.695962628267,3585.026564479815,2026-08-05 10:00:00+05:30,3553.901784842355,2026-08-05 15:15:00+05:30,3511.0,1.3324233816326252,0.05518770199829682,1.2772356796343283,,TIME EXIT
BSE,2026-08-06,SELL,BREAKOUT,2026-08-06 12:45:00+05:30,3472.2385724748883,3482.89990234375,3450.915912737165,10.661329868861685,0.3070448543880632,15.228550502232142,2.131543335926358,3495.636361861484,3486.251913102042,3497.1768258516086,3477.0,3586.9386571903788,3478.517758483248,2026-08-06 13:15:00+05:30,3472.2385724748883,2026-08-06 15:00:00+05:30,3450.915912737165,2.0,0.16284265730376565,1.8371573426962344,,TARGET HIT
BSE,2026-08-18,BUY,REVERSAL,2026-08-18 14:00:00+05:30,3314.09561593192,3293.2242082868306,3339.141305106027,20.871407645089285,0.6297768701890717,13.914271763392858,1.5531553340893698,3276.900467000659,3297.4154593738454,3296.5048623191997,3310.5,3382.873887599586,3258.28038443029,,,,,,,,,CANCELLED
BSE,2026-10-06,BUY,BREAKOUT,2026-10-06 12:45:00+05:30,3292.6499982561386,3277.0,3323.9499947684158,15.649998256138588,0.47530099659627284,12.999965122767858,3.6280863340601464,3266.1218476948675,3273.1359024165745,3241.27536784601,3289.0,3250.7621344368654,3138.2205754581228,2026-10-06 13:00:00+05:30,3292.6499982561386,2026-10-06 15:15:00+05:30,3301.0,0.533546496759908,0.10519649728921289,0.4283499994706951,,TIME EXIT
BAJAJ-AUTO,2026-08-31,BUY,BREAKOUT,2026-08-31 09:45:00+05:30,12021.825,11967.075,12131.325,54.75,0.4554217017798878,36.5,3.4157627381823827,11985.963429884447,11960.802048791502,11930.574407568138,11987.0,11958.36742381215,11855.656942648211,,,,,,,,,CANCELLED
BAJAJ-AUTO,2026-08-31,BUY,BREAKOUT,2026-08-31 14:30:00+05:30,11988.917857142857,11952.951103571428,12060.851364285714,35.96675357142857,0.3,18.357142857142858,2.062198006704111,11984.680276134999,11979.944869993156,11974.325345590036,11987.0,11964.938500939823,11849.089175886846,2026-08-31 14:45:00+05:30,11988.917857142857,2026-08-31 15:15:00+05:30,11997.0,0.22471149199197699,0.16666666666666669,0.0580448253253103,,TIME EXIT
BAJAJ-AUTO,2026-09-01,BUY,BREAKOUT,2026-09-01 10:00:00+05:30,12471.775,12388.525,12638.275,83.25,0.6675072313283394,55.5,6.583303925893251,12337.06263018673,12221.09809599959,12108.052624975699,12424.0,12216.681401614207,12079.468568010823,,,,,,,,,CANCELLED
BAJAJ-AUTO,2026-09-01,BUY,BREAKOUT,2026-09-01 11:30:00+05:30,12449.421428571428,12402.0,12544.264285714284,47.421428571427896,0.3809127102292135,68.42857142857143,2.936111894876859,12365.500135181788,12358.36779527772,12237.62021741035,12435.0,12225.99478887713,12070.182739677826,,,,,,,,,CANCELLED
BAJAJ-AUTO,2026-09-28,SELL,BREAKOUT,2026-09-28 11:15:00+05:30,11046.325,11079.463975,10980.047050000001,33.138975,0.3,33.5,3.047427705684737,11119.144027435208,11124.21907554579,11178.851915581681,11060.0,11336.406913250214,11175.838662998567,2026-09-28 11:30:00+05:30,11046.325,2026-09-28 14:30:00+05:30,10980.047050000001,1.9999999999999907,0.16666666666666669,1.833333333333324,,TARGET HIT
BAJAJ-AUTO,2026-10-01,SELL,BREAKOUT,2026-10-01 09:45:00+05:30,10055.153571428571,10200.546428571428,9764.367857142857,145.39285714285714,1.4459536207978638,96.92857142857143,15.401879968242454,10243.27194875415,10555.354478702826,10727.971185840444,10102.0,10920.375941999,10575.703064192441,2026-10-01 10:30:00+05:30,10055.153571428571,2026-10-01 12:00:00+05:30,10200.546428571428,-0.9999999999999982,0.034579255711127486,-1.0345792557111257,,STOP LOSS HIT
BAJAJ-AUTO,2026-10-07,SELL,BREAKOUT,2026-10-07 10:30:00+05:30,9739.703571428572,9808.596428571429,9601.917857142858,68.89285714285714,0.7073403891362195,45.92857142857143,3.057402565060391,9831.048808960404,9872.752481318024,9931.811323734983,9762.0,10102.799036726508,9889.56070766228,2026-10-07 10:45:00+05:30,9739.703571428572,2026-10-07 11:30:00+05:30,9808.596428571429,-0.9999999999999963,0.07068732503888026,-1.0706873250388766,,STOP LOSS HIT
BAJFINANCE,2026-08-07,SELL,BREAKOUT,2026-08-07 13:30:00+05:30,1078.7150246756416,1083.199951171875,1069.745171683175,4.484926496233356,0.41576564649981834,3.6999947684151784,2.81937979930019,1093.9732069460813,1086.8015861378626,1100.0971473398135,1079.699951171875,1156.7356160495879,1095.7554527384882,2026-08-07 13:45:00+05:30,1078.7150246756416,2026-08-07 15:15:00+05:30,1081.199951171875,-0.5540618108948518,0.12026005616609271,-0.6743218670609445,,TIME EXIT
BAJFINANCE,2026-09-17,SELL,REVERSAL,2026-09-17 14:30:00+05:30,1010.0396547589984,1014.8503781999862,1004.2667866298132,4.810723440987723,0.47629055139776577,3.207148960658482,1.5709491314442883,1016.6064040453405,1013.816555929663,1014.6388505413712,1012.0,1018.6146184397332,997.6178050988941,,,,,,,,,CANCELLED
BAJFINANCE,2026-09-23,BUY,BREAKOUT,2026-09-23 10:00:00+05:30,1041.0704062325615,1032.95968409947,1057.2918504987445,8.110722133091517,0.7790752752681444,5.407148088727679,5.214791822308188,1032.153098433926,1023.3690926966135,1019.4279965514041,1035.9000244140625,1034.7040553829645,1004.2911092830002,,,,,,,,,CANCELLED
BAJFINANCE,2026-09-24,SELL,BREAKOUT,2026-09-24 11:00:00+05:30,990.2821548461914,997.0,976.8464645385741,6.717845153808639,0.6783768768257812,8.357147216796875,2.1541341785332824,996.6646983523212,1002.4198695409476,1013.6010854619178,991.0,1048.8887071963393,1006.4813828928092,2026-09-24 11:45:00+05:30,990.2821548461914,2026-09-24 14:15:00+05:30,976.8464645385741,2.0,0.07370534242552147,1.9262946575744786,,TARGET HIT
BAJFINANCE,2026-10-05,BUY,BREAKOUT,2026-10-05 09:45:00+05:30,995.6146427699498,985.75,1015.3439283098494,9.864642769949796,0.9908093298532528,7.292855398995536,5.25008737046379,984.6334370094581,965.7497223715015,957.3055757323151,992.2000122070312,971.6531474229371,941.0192985414253,,,,,,,,,CANCELLED
BAJAJFINSV,2026-09-24,SELL,BREAKOUT,2026-09-24 10:00:00+05:30,1788.5046425955636,1800.4000244140625,1764.7138789585658,11.89538181849889,0.6651020934022146,9.907148088727679,5.68905690582038,1792.792115415307,1813.862699287208,1828.7597791918931,1789.699951171875,1856.3059349461948,1808.0469603931622,2026-09-24 10:15:00+05:30,1788.5046425955636,2026-09-24 13:45:00+05:30,1764.7138789585658,2.0,0.07517642854532852,1.9248235714546715,,TARGET HIT
BEL,2026-08-21,BUY,BREAKOUT,2026-08-21 10:00:00+05:30,415.462315259661,413.79998779296875,418.78697019304553,1.6623274666922612,0.4001151020528344,1.246427263532366,2.7553755718797572,413.2578047631219,412.08895973430185,410.944351488699,415.3500061035156,412.23690541499604,407.16636203490776,2026-08-21 10:15:00+05:30,415.462315259661,2026-08-21 10:45:00+05:30,413.79998779296875,-1.0,0.12496404095588876,-1.1249640409558888,,STOP LOSS HIT
BEL,2026-09-02,SELL,BREAKOUT,2026-09-02 13:45:00+05:30,404.25302331107,405.6619577680315,401.435154397147,1.4089344569614957,0.34852787133698937,0.9392896379743304,3.637124623192277,404.8675556492296,404.90694805402984,405.7976962103385,404.3500061035156,413.63693352864624,404.8364878921063,2026-09-02 14:15:00+05:30,404.25302331107,2026-09-02 14:30:00+05:30,405.6619577680315,-1.0000000000000058,0.14346054967769084,-1.1434605496776966,,STOP LOSS HIT
BEL,2026-09-08,BUY,BREAKOUT,2026-09-08 09:45:00+05:30,414.6253449576242,412.3646300179618,419.14677483694896,2.2607149396623885,0.5452428239507259,1.507143293108259,6.1686253004637726,411.6794045054505,408.5945121378802,407.4731207578234,413.79998779296875,409.6459929346342,401.8724389065222,2026-09-08 10:15:00+05:30,414.6253449576242,2026-09-08 12:00:00+05:30,412.3646300179618,-0.9999999999999892,0.09170226145794916,-1.0917022614579384,,STOP LOSS HIT
BEL,2026-09-15,SELL,BREAKOUT,2026-09-15 10:00:00+05:30,392.12054770333424,393.79998779296875,388.7616675240652,1.679440089634511,0.42829688458589044,1.5892900739397322,2.109486993994723,395.2714630246903,398.2420838342779,400.94378851354344,392.6000061035156,406.56048127084046,401.04553827681764,2026-09-15 10:30:00+05:30,392.12054770333424,2026-09-15 10:45:00+05:30,388.7616675240652,2.0,0.11674145154789943,1.8832585484521005,,TARGET HIT
BEL,2026-10-07,SELL,BREAKOUT,2026-10-07 10:30:00+05:30,380.0816008431571,381.6499938964844,376.94481473650256,1.56839305332727,0.41264640273246916,1.367861066545759,2.8768107374782232,381.3340310339272,382.49759754516054,383.761081491801,381.1000061035156,389.6909952941009,384.16462879963814,,,,,,,,,CANCELLED
BEL,2026-10-07,SELL,BREAKOUT,2026-10-07 13:00:00+05:30,378.4573211669922,379.73768615722656,375.89659118652344,1.280364990234375,0.338311592516246,0.85357666015625,3.2973670536753183,380.6238370361853,380.14070048790717,381.4968716790008,378.79998779296875,390.73643103307995,383.12175667662495,2026-10-07 13:15:00+05:30,378.4573211669922,2026-10-07 15:15:00+05:30,378.29998779296875,0.12288165892027172,0.14779274818257657,-0.024911089262304842,,TIME EXIT
BHARTIARTL,2026-09-21,SELL,BREAKOUT,2026-09-21 12:00:00+05:30,1830.8100245884486,1836.710022844587,1819.010028076172,5.899998256138393,0.3222616315674077,11.799996512276786,6.6975973765225545,1840.3106101357773,1838.3215589729216,1841.0151997760624,1832.4000244140625,1900.6386645044356,1841.7335075635008,,,,,,,,,CANCELLED
BHARTIARTL,2026-09-21,SELL,BREAKOUT,2026-09-21 13:30:00+05:30,1829.22216796875,1834.7098344726562,1818.2468349609376,5.48766650390625,0.30000000000000004,3.55712890625,22.73573750594616,1836.5548542172055,1835.5662267319608,1838.3069313998058,1833.9000244140625,1902.4683939083038,1839.9466873806266,2026-09-21 14:15:00+05:30,1829.22216796875,2026-09-21 14:15:00+05:30,1834.7098344726562,-0.999999999999993,0.16666666666666669,-1.1666666666666596,,STOP LOSS HIT
BHARTIARTL,2026-10-07,BUY,BREAKOUT,2026-10-07 11:30:00+05:30,1828.3485713413784,1817.8914311000278,1849.2628518240792,10.457140241350446,0.5719445627197064,6.971426827566964,3.342550385950703,1819.5954208097226,1818.397335692477,1810.860883654601,1826.800048828125,1819.593911614232,1801.9084610836185,2026-10-07 11:45:00+05:30,1828.3485713413784,2026-10-07 12:15:00+05:30,1849.2628518240792,1.999999999999997,0.08742106011505799,1.9125789398849389,,TARGET HIT
CIPLA,2026-09-04,SELL,BREAKOUT,2026-09-04 12:00:00+05:30,1378.9886199951172,1387.5,1361.9658599853517,8.511380004882767,0.6172190170005104,6.22857666015625,3.4575781886439456,1386.2303552290782,1386.8427216295581,1390.0933385596902,1379.300048828125,1401.9414773451715,1387.4584249985785,2026-09-04 12:15:00+05:30,1378.9886199951172,2026-09-04 15:15:00+05:30,1384.0,-0.5887858375501814,0.08100852148558906,-0.6697943590357704,,TIME EXIT
COALINDIA,2026-08-19,SELL,BREAKOUT,2026-08-19 10:00:00+05:30,399.5512561253139,401.0137554713658,396.6262574332101,1.4624993460518974,0.36603547695848165,0.9749995640345982,2.682272598676194,401.5679622029474,403.7605933940278,405.9233817505864,399.75,407.93437789999354,405.6162454201434,2026-08-19 10:15:00+05:30,399.5512561253139,2026-08-19 11:30:00+05:30,401.0137554713658,-1.000000000000011,0.136598781122168,-1.1365987811221792,,STOP LOSS HIT
COALINDIA,2026-09-02,BUY,BREAKOUT,2026-09-02 09:45:00+05:30,417.01660079956054,415.54998779296875,419.9498268127441,1.4666130065917855,0.351691756102706,2.3321380615234375,9.644487406822627,416.03904723404236,408.57959152551814,405.0227598126925,416.6000061035156,409.50127491306046,399.92458447952197,2026-09-02 10:00:00+05:30,417.01660079956054,2026-09-02 10:45:00+05:30,419.9498268127441,2.0,0.1421699517613893,1.8578300482386108,,TARGET HIT
COALINDIA,2026-09-07,BUY,BREAKOUT,2026-09-07 09:45:00+05:30,418.75286952427456,417.1671500069755,421.9243085588728,1.5857195172991072,0.37867669279510097,1.0571463448660714,4.215530116618292,417.68245018146087,415.9205511345334,415.4476572631333,418.1499938964844,418.14248611123713,412.95982180789343,,,,,,,,,CANCELLED
COALINDIA,2026-09-07,BUY,BREAKOUT,2026-09-07 12:45:00+05:30,419.626237814767,418.04998779296875,422.77873785836357,1.5762500217982733,0.3756319028111077,1.5250004359654017,3.8190021829652436,417.33334818281355,417.5398786606721,416.57161794691365,419.3500061035156,418.2888877333091,412.81356103911133,,,,,,,,,CANCELLED
COALINDIA,2026-09-09,BUY,BREAKOUT,2026-09-09 09:45:00+05:30,434.6467734200614,432.8500061035156,438.2403080531529,1.796767316545754,0.41338563321377303,1.9357125418526786,3.2647941353243217,431.23967630791356,426.3425023099921,422.8512746873935,433.79998779296875,422.6494741236616,418.2022374632244,2026-09-09 10:15:00+05:30,434.6467734200614,2026-09-09 10:30:00+05:30,432.8500061035156,-1.0,0.12095243758542433,-1.1209524375854243,,STOP LOSS HIT
COALINDIA,2026-09-22,BUY,BREAKOUT,2026-09-22 11:00:00+05:30,428.4017733982631,425.3482052394322,434.508909715925,3.0535681588309154,0.7127814001815931,2.035712105887277,3.6364567250193547,424.94943460420154,423.91504650540867,420.02379451586046,427.8999938964844,426.4090059345901,411.5554713289466,2026-09-22 11:15:00+05:30,428.4017733982631,2026-09-22 15:00:00+05:30,428.0,-0.13157505494062377,0.07014773391570214,-0.2017227888563259,,TIME EXIT
DRREDDY,2026-08-11,BUY,BREAKOUT,2026-08-11 11:30:00+05:30,1181.1171665736608,1174.6029017857145,1194.1456961495537,6.514264787946429,0.5515341722484536,4.342843191964286,9.025847115643295,1166.93042787973,1164.4281684179916,1163.336690963509,1178.199951171875,1169.4590214266486,1149.9547421171683,2026-08-11 11:45:00+05:30,1181.1171665736608,2026-08-11 12:00:00+05:30,1194.1456961495537,2.000000000000005,0.09065621409488321,1.9093437859051217,,TARGET HIT
DRREDDY,2026-09-17,BUY,BREAKOUT,2026-09-17 11:30:00+05:30,1167.5379067557199,1160.4021689278738,1181.809382411412,7.135737827845982,0.6111782569590667,4.757158551897321,7.056895438489878,1156.4364617975798,1156.9865809381554,1152.1678464636723,1166.9000244140625,1149.0786510323292,1134.4384239817618,2026-09-17 11:45:00+05:30,1167.5379067557199,2026-09-17 12:15:00+05:30,1181.809382411412,2.0000000000000093,0.08180919303114005,1.9181908069688693,,TARGET HIT
DRREDDY,2026-09-18,BUY,BREAKOUT,2026-09-18 09:45:00+05:30,1207.7660705566407,1200.699951171875,1221.898309326172,7.0661193847656705,0.5850569540762977,5.3214111328125,5.462105342856422,1199.3624514922883,1185.9470158587724,1176.1780029534245,1201.5,1189.0407421183431,1170.7943835156532,,,,,,,,,CANCELLED
DRREDDY,2026-09-22,BUY,BREAKOUT,2026-09-22 10:00:00+05:30,1219.341046142578,1213.4000244140625,1231.2230895996092,5.9410217285155795,0.48723216095367083,4.8214111328125,5.643034412987465,1213.9089335646743,1209.9021198524852,1205.4133558543147,1218.300048828125,1212.506450924924,1192.8332879232319,2026-09-22 10:15:00+05:30,1219.341046142578,2026-09-22 10:30:00+05:30,1213.4000244140625,-1.0,0.10262048363583767,-1.1026204836358378,,STOP LOSS HIT
DRREDDY,2026-09-28,BUY,BREAKOUT,2026-09-28 13:00:00+05:30,1230.0143341064454,1224.9000244140625,1240.2429534912112,5.1143096923829034,0.4157926904240704,4.28570556640625,3.2409305458747144,1219.192422382052,1222.3513839033158,1216.7079057210997,1228.699951171875,1227.0342619047108,1191.3961312445242,,,,,,,,,CANCELLED
DRREDDY,2026-09-30,BUY,REVERSAL,2026-09-30 13:15:00+05:30,1241.76107308524,1233.9288805280414,1251.1597041538785,7.83219255719866,0.6307326527589597,5.221461704799107,1.9425031563730257,1226.1893343220363,1233.3878035853215,1232.4001939819057,1239.4000244140625,1262.5709899746262,1229.4304680589075,2026-09-30 13:45:00+05:30,1241.76107308524,2026-09-30 14:30:00+05:30,1233.9288805280414,-0.9999999999999918,0.07927288968042051,-1.0792728896804122,,STOP LOSS HIT
EICHERMOT,2026-09-02,SELL,BREAKOUT,2026-09-02 10:15:00+05:30,7640.282142857143,7667.460714285715,7585.925,27.178571428571427,0.3557273268236634,54.357142857142854,2.5369541199046344,7660.07263662215,7743.585296498918,7831.347475037226,7654.0,7995.561721191425,7840.771832008564,2026-09-02 10:30:00+05:30,7640.282142857143,2026-09-02 11:30:00+05:30,7585.925,2.0000000000000098,0.14055709592641263,1.8594429040735971,,TARGET HIT
EICHERMOT,2026-10-01,SELL,BREAKOUT,2026-10-01 10:15:00+05:30,6930.275,6987.5,6815.824999999999,57.225000000000364,0.825724808900085,44.5,6.1159726346818015,6976.843783864325,7032.446331019576,7103.662783025177,6934.0,7178.245657240683,7072.947914396351,2026-10-01 10:30:00+05:30,6930.275,2026-10-01 11:30:00+05:30,6987.5,-1.0,0.060552861511576725,-1.0605528615115767,,STOP LOSS HIT
ETERNAL,2026-08-19,BUY,BREAKOUT,2026-08-19 11:45:00+05:30,321.97642244611467,319.68356595720564,326.5621354239328,2.29285648890904,0.7121193755399179,1.5285709926060267,3.4678023442450487,319.0373753561107,319.13874006916615,318.6110429590546,321.04998779296875,318.59047420947496,313.4614434272073,2026-08-19 12:00:00+05:30,321.97642244611467,2026-08-19 15:15:00+05:30,320.95001220703125,-0.4476556836628675,0.070212947038677,-0.5178686307015445,,TIME EXIT
ETERNAL,2026-08-20,BUY,BREAKOUT,2026-08-20 10:00:00+05:30,328.06946432931085,326.5,331.20839298793254,1.569464329310847,0.4783939073754953,1.3892865862165178,3.586213610832387,326.82362081697636,324.5395787837437,322.52484932381935,327.6000061035156,326.4480122197908,317.1836775648374,,,,,,,,,CANCELLED
ETERNAL,2026-08-20,BUY,BREAKOUT,2026-08-20 12:00:00+05:30,327.0723215375628,325.6000061035156,330.01695240565715,1.4723154340471751,0.4501498100254522,1.4464307512555803,2.363221774748941,326.981841332467,326.699719357414,325.03479356685756,327.0,326.4528919442634,317.1788521266367,2026-08-20 12:15:00+05:30,327.0723215375628,2026-08-20 15:15:00+05:30,328.0,0.6300813269933266,0.11107413329169888,0.5190071937016277,,TIME EXIT
ETERNAL,2026-08-31,SELL,BREAKOUT,2026-08-31 13:30:00+05:30,323.4382143293108,325.04998779296875,320.214667401995,1.6117734636579257,0.4983249944661417,1.2357134137834822,2.372399890335614,326.6245926488513,325.84026290145687,326.48797692695854,323.79998779296875,330.5475352193232,325.2044064995939,2026-08-31 13:45:00+05:30,323.4382143293108,2026-08-31 14:00:00+05:30,320.214667401995,2.0,0.10033612713639876,1.8996638728636013,,TARGET HIT
ETERNAL,2026-09-17,BUY,BREAKOUT,2026-09-17 10:00:00+05:30,326.9739225115095,325.0,330.9217675345285,1.9739225115094996,0.6036941711888407,1.4785723005022322,6.781139407374479,324.6645249945368,321.7322342315864,319.27267733376294,326.70001220703125,320.65208907122224,315.00827182630337,2026-09-17 10:15:00+05:30,326.9739225115095,2026-09-17 11:15:00+05:30,325.0,-1.0,0.08282339367553637,-1.0828233936755365,,STOP LOSS HIT
ETERNAL,2026-09-22,BUY,BREAKOUT,2026-09-22 14:00:00+05:30,341.06482140677315,339.1201792035784,344.95410581316264,1.9446422031947546,0.5701679215035387,1.2964281354631697,2.4563798920750854,338.114457967028,339.0818225402527,337.71603808846936,340.6499938964844,338.944476882303,333.0572158545848,2026-09-22 14:15:00+05:30,341.06482140677315,2026-09-22 15:15:00+05:30,341.5,0.2237833738833387,0.08769346382755011,0.13608991005578858,,TIME EXIT
ETERNAL,2026-10-05,BUY,BREAKOUT,2026-10-05 10:45:00+05:30,318.87428556169783,315.1457187107631,326.3314192635672,3.7285668509347096,1.1692905385477634,2.485711233956473,2.0459021943572306,315.226971606224,315.63575713334916,315.05730042327116,318.29998779296875,317.1434477668297,307.0442606472095,2026-10-05 11:00:00+05:30,318.87428556169783,2026-10-05 15:15:00+05:30,320.04998779296875,0.31532282463332606,0.042760972018211184,0.2725618526151149,,TIME EXIT
ETERNAL,2026-10-06,BUY,BREAKOUT,2026-10-06 13:00:00+05:30,330.2716194152832,328.12340316772463,334.5680519104004,2.1482162475585938,0.6504392509903882,1.4321441650390625,3.1153855350394077,324.63506835959066,326.4174637212234,324.2469742753632,329.1499938964844,326.6223280256823,316.19488600969555,,,,,,,,,CANCELLED
GRASIM,2026-08-10,BUY,BREAKOUT,2026-08-10 09:45:00+05:30,3380.1228585379463,3355.0,3430.368575613839,25.122858537946286,0.7432528221418864,22.457170758928573,7.626146106426698,3352.4632616376202,3330.2693222584185,3294.7981351759154,3368.39990234375,3335.8877225544525,3280.3283370776658,,,,,,,,,CANCELLED
GRASIM,2026-08-10,BUY,BREAKOUT,2026-08-10 11:00:00+05:30,3380.12571585519,3359.89990234375,3420.5773428780694,20.22581351143981,0.5983745934823188,22.514317103794642,10.737841997264022,3362.977232562472,3355.2867065176397,3322.067720735673,3376.0,3340.0842612480633,3276.1695582688344,2026-08-10 11:45:00+05:30,3380.12571585519,2026-08-10 15:15:00+05:30,3389.0,0.4387603069607487,0.08355969746144885,0.3552006094992998,,TIME EXIT
GRASIM,2026-08-11,SELL,BREAKOUT,2026-08-11 10:30:00+05:30,3340.9357613699776,3350.9585686540877,3320.890146801758,10.022807284109932,0.3,17.285749162946427,2.553698690680073,3352.536921925257,3357.8159138127266,3363.1085781886245,3345.60009765625,3399.006598180066,3347.871188494684,2026-08-11 11:00:00+05:30,3340.9357613699776,2026-08-11 11:30:00+05:30,3350.9585686540877,-1.0000000000000127,0.16666666666666669,-1.1666666666666794,,STOP LOSS HIT
GRASIM,2026-08-12,BUY,BREAKOUT,2026-08-12 10:15:00+05:30,3381.3396432059153,3366.199951171875,3411.619027273996,15.139692034040308,0.44774242257681235,16.792864118303573,3.5770848151337047,3368.4051253549283,3354.329907341038,3347.889794678668,3373.60009765625,3368.549315876365,3303.804567202104,2026-08-12 10:45:00+05:30,3381.3396432059153,2026-08-12 11:00:00+05:30,3366.199951171875,-1.0,0.11167134825474855,-1.1116713482547484,,STOP LOSS HIT
GRASIM,2026-08-19,SELL,BREAKOUT,2026-08-19 10:30:00+05:30,3222.9793840680804,3241.6007917131697,3185.736568777902,18.621407645089285,0.577769989381227,12.414271763392858,2.984612725437125,3252.43289394462,3256.6821451400765,3266.282625028537,3226.5,3301.315704538328,3253.502277509296,,,,,,,,,CANCELLED
GRASIM,2026-10-01,SELL,BREAKOUT,2026-10-01 09:45:00+05:30,2964.222957066127,2985.39990234375,2921.869066510881,21.176945277622963,0.7144180982453183,17.542811802455358,3.02598923812716,2982.8333809358687,3025.2365115207103,3056.2124597853453,2974.39990234375,3075.2725744142454,3007.8059559053377,2026-10-01 10:00:00+05:30,2964.222957066127,2026-10-01 11:30:00+05:30,2985.39990234375,-1.0,0.0699870287760136,-1.0699870287760136,,STOP LOSS HIT
HCLTECH,2026-08-28,BUY,BREAKOUT,2026-08-28 09:45:00+05:30,1328.9014029366629,1322.4000244140625,1341.9041599818636,6.501378522600362,0.48922956272251195,6.028547014508929,3.539330731665418,1318.3215986711532,1303.9292975256415,1296.7220462702312,1327.199951171875,1309.044647270978,1272.882001262869,2026-08-28 10:00:00+05:30,1328.9014029366629,2026-08-28 10:00:00+05:30,1322.4000244140625,-1.0,0.10220150990417498,-1.1022015099041749,,STOP LOSS HIT
HCLTECH,2026-09-01,BUY,BREAKOUT,2026-09-01 10:15:00+05:30,1340.1314784458705,1334.5999755859375,1351.1944841657364,5.531502859932971,0.4127582217789383,6.628592354910714,2.1681620318051333,1334.445879076796,1329.3484002086514,1322.3056682280812,1338.699951171875,1330.6611307290361,1301.0002976299463,2026-09-01 10:30:00+05:30,1340.1314784458705,2026-09-01 11:30:00+05:30,1351.1944841657364,2.0,0.1211362908399644,1.8788637091600355,,TARGET HIT
HCLTECH,2026-09-15,BUY,BREAKOUT,2026-09-15 10:45:00+05:30,1282.9600245884487,1277.360022844587,1294.160028076172,5.600001743861607,0.43649074301110746,11.200003487723214,2.208864883095248,1279.3138194358764,1266.1103480723395,1246.833440949825,1279.9000244140625,1266.5880572532035,1192.0467363711332,2026-09-15 11:00:00+05:30,1282.9600245884487,2026-09-15 11:45:00+05:30,1277.360022844587,-1.0000000000000058,0.11454996652409566,-1.1145499665241014,,STOP LOSS HIT
HDFCBANK,2026-08-27,SELL,BREAKOUT,2026-08-27 10:45:00+05:30,718.103405543736,720.2577157603672,713.7947851104736,2.1543102166312083,0.3,1.9321332659040178,2.341405117022515,720.3919583121118,721.5737884367904,723.9061627664207,718.9000244140625,730.1595599590464,723.2445342400854,2026-08-27 11:00:00+05:30,718.103405543736,2026-08-27 12:00:00+05:30,713.7947851104736,1.9999999999999813,0.16666666666666666,1.8333333333333146,,TARGET HIT
HDFCBANK,2026-08-31,SELL,REVERSAL,2026-08-31 12:30:00+05:30,717.8997968401228,723.9051592145647,710.6933619907925,6.005362374441965,0.8365181883147081,4.003574916294643,1.6330852735952432,729.4709513059856,722.0492721335563,722.1531387479157,718.3499755859375,729.0383950868379,716.2877727146895,2026-08-31 12:45:00+05:30,717.8997968401228,2026-08-31 14:00:00+05:30,710.6933619907925,1.1999999999999937,0.05977156348594468,1.1402284365140491,,TARGET HIT
HDFCBANK,2026-08-31,SELL,BREAKOUT,2026-08-31 14:15:00+05:30,704.0666192190988,708.0684088570731,696.0630399431501,4.00178963797433,0.5683822423526957,2.6678597586495534,9.781336161041471,722.911999737516,714.1297400465933,717.669759551093,706.0,728.9435971750111,716.38195607294,,,,,,,,,CANCELLED
HDFCBANK,2026-09-15,BUY,BREAKOUT,2026-09-15 09:45:00+05:30,727.6841310773577,721.75,739.5523932320732,5.934131077357733,0.8154817212479374,5.682133265904018,3.0219606888207897,724.6937515097793,713.1600768349111,703.4709436653824,727.2000122070312,725.4453409847259,705.3627505156649,2026-09-15 10:00:00+05:30,727.6841310773577,2026-09-15 10:15:00+05:30,721.75,-1.0,0.06131345276934553,-1.0613134527693455,,STOP LOSS HIT
HDFCBANK,2026-10-05,SELL,BREAKOUT,2026-10-05 10:45:00+05:30,707.7849993024554,713.2999877929688,696.7550223214287,5.51498849051336,0.7791897957640466,4.300013950892857,2.6011193297127084,721.1682678422574,715.9861709008978,716.9461052480387,709.2999877929688,736.1787696036275,716.8846561698945,2026-10-05 11:00:00+05:30,707.7849993024554,2026-10-05 15:15:00+05:30,704.5499877929688,0.5865853600694477,0.06416921816971657,0.5224161418997312,,TIME EXIT
HDFCLIFE,2026-08-21,BUY,BREAKOUT,2026-08-21 10:45:00+05:30,547.8023332868304,544.7327008928572,553.9415980747768,3.0696323939732144,0.5603540195886586,2.046421595982143,4.131927858971555,542.4333700979357,541.8569108597318,541.1811894303166,547.1500244140625,545.3017563470783,538.5491331577916,2026-08-21 11:00:00+05:30,547.8023332868304,2026-08-21 15:15:00+05:30,553.0,1.6932537991762426,0.08922930549637835,1.6040244936798642,,TIME EXIT
HDFCLIFE,2026-09-04,BUY,BREAKOUT,2026-09-04 09:45:00+05:30,542.4399754115514,539.7399806431362,547.8399649483817,2.699994768415179,0.49774996143429184,1.7999965122767858,16.56011810202346,539.6063595043288,535.4481289466789,534.5964499174754,541.8499755859375,536.7015438548391,531.7031957790484,2026-09-04 10:00:00+05:30,542.4399754115514,2026-09-04 11:30:00+05:30,547.8399649483817,2.000000000000012,0.10045204193672354,1.8995479580632884,,TARGET HIT
HDFCLIFE,2026-09-08,SELL,REVERSAL,2026-09-08 11:00:00+05:30,537.1487376621791,541.5794154279464,531.8319243432583,4.430677765767314,0.8248511920647635,3.0250026157924106,3.2913239682655213,541.2769151663672,539.6062864009966,539.8764836102886,537.4500122070312,547.5925062189586,529.7774474951785,2026-09-08 11:15:00+05:30,537.1487376621791,2026-09-08 15:00:00+05:30,533.7999877929688,0.7558098436053595,0.06061699429061894,0.6951928493147406,,TIME EXIT
HDFCLIFE,2026-09-17,BUY,BREAKOUT,2026-09-17 09:45:00+05:30,546.6664287022182,541.6735676356725,556.6521508353097,4.992861066545759,0.9133286414530285,3.3285740443638394,2.3194366244176687,540.0188003911782,535.007737258829,530.4488273579564,546.4000244140625,534.8759675901173,526.9828674072949,2026-09-17 10:00:00+05:30,546.6664287022182,2026-09-17 12:15:00+05:30,556.6521508353097,1.9999999999999936,0.0547448067767307,1.945255193223263,,TARGET HIT
HINDALCO,2026-08-06,SELL,BREAKOUT,2026-08-06 12:15:00+05:30,1016.9616067068918,1022.9500122070312,1004.9847957066128,5.988405500139493,0.5888526627402433,5.767865862165179,2.370643553208252,1025.3748454408517,1023.0823986910564,1023.8532720407845,1017.5999755859375,1046.5559577307313,1034.4996445990698,,,,,,,,,CANCELLED
HINDALCO,2026-08-12,BUY,BREAKOUT,2026-08-12 12:00:00+05:30,1080.7744886125838,1075.050048828125,1092.2233681815014,5.724439784458809,0.5296608908494325,7.489283970424107,2.06786591205012,1078.519591480393,1076.1797882214687,1070.8536999590788,1079.3499755859375,1069.5895147700685,1041.1049593374394,2026-08-12 12:15:00+05:30,1080.7744886125838,2026-08-12 15:00:00+05:30,1075.050048828125,-1.0,0.09440002247440539,-1.0944000224744055,,STOP LOSS HIT
HINDALCO,2026-09-18,BUY,BREAKOUT,2026-09-18 10:00:00+05:30,994.4946306501116,991.5111467581613,1000.4615984340123,2.983483891950335,0.30000000000000004,3.892857142857143,2.354741793286872,990.5561299809784,987.127579285883,983.6591980833433,994.0999755859375,993.6109076423745,975.1312660303402,2026-09-18 10:15:00+05:30,994.4946306501116,2026-09-18 11:15:00+05:30,991.5111467581613,-0.9999999999999882,0.16666666666666666,-1.166666666666655,,STOP LOSS HIT
HINDALCO,2026-09-23,BUY,BREAKOUT,2026-09-23 11:30:00+05:30,994.7067862374442,989.7999877929688,1004.5203831263952,4.906798444475498,0.49329093883392966,4.135724748883929,3.862701065463036,987.2986401016226,987.14161365904,982.181897688433,993.0,990.4993072229909,965.1778446226099,2026-09-23 12:00:00+05:30,994.7067862374442,2026-09-23 12:45:00+05:30,989.7999877929688,-1.0,0.10136006170758571,-1.1013600617075858,,STOP LOSS HIT
HINDUNILVR,2026-08-19,SELL,BREAKOUT,2026-08-19 10:15:00+05:30,2021.4924508231027,2027.556928175572,2009.363496118164,6.064477352469308,0.30000000000000004,4.150006975446429,2.0477669963953393,2028.5702101559668,2031.1211436226686,2036.7355771939608,2022.0999755859375,2046.960945261491,2025.5506632603026,2026-08-19 10:30:00+05:30,2021.4924508231027,2026-08-19 14:45:00+05:30,2009.363496118164,2.00000000000001,0.16666666666666666,1.8333333333333435,,TARGET HIT
HINDUNILVR,2026-08-20,BUY,BREAKOUT,2026-08-20 10:00:00+05:30,2038.2910714285715,2032.1761982142857,2050.520817857143,6.114873214285715,0.3,5.821428571428571,2.8162270169199464,2034.9006576881657,2027.8897318898403,2024.8683290680692,2036.699951171875,2032.5943319214707,2011.0161870360084,,,,,,,,,CANCELLED
HINDUNILVR,2026-09-15,BUY,BREAKOUT,2026-09-15 11:00:00+05:30,1963.1795942034041,1948.7903032575337,1991.9581760951453,14.389290945870536,0.732958461281748,9.592860630580358,6.162767470854667,1954.3049273853853,1949.5055038821004,1945.3316773794145,1962.199951171875,1953.1073802022856,1916.9758509265032,2026-09-15 11:15:00+05:30,1963.1795942034041,2026-09-15 15:00:00+05:30,1948.7903032575337,-0.9999999999999954,0.06821668981426778,-1.0682166898142633,,STOP LOSS HIT
HINDUNILVR,2026-09-28,SELL,BREAKOUT,2026-09-28 10:15:00+05:30,1908.4564775739398,1915.300048828125,1894.7693350655693,6.843571254185235,0.3585919477128916,6.871425083705357,2.0270260596811926,1913.884983786192,1920.4871857708026,1924.8933135369314,1910.5,1950.7396765050319,1925.399439128525,2026-09-28 10:45:00+05:30,1908.4564775739398,2026-09-28 14:15:00+05:30,1894.7693350655693,2.0,0.13943425199283266,1.8605657480071673,,TARGET HIT
HINDUNILVR,2026-10-06,BUY,BREAKOUT,2026-10-06 10:30:00+05:30,1863.1725490025112,1857.0999755859375,1875.3176958356587,6.072573416573732,0.32592651817593665,7.450003487723214,2.4105558669699483,1858.7436310037829,1853.838221133982,1846.6311418146904,1862.699951171875,1853.6141788249251,1828.4140666559585,2026-10-06 10:45:00+05:30,1863.1725490025112,2026-10-06 13:00:00+05:30,1875.3176958356587,2.0,0.15340881214522645,1.8465911878547736,,TARGET HIT
ICICIBANK,2026-08-31,BUY,BREAKOUT,2026-08-31 12:30:00+05:30,1435.7649754115514,1431.199951171875,1444.8950238909042,4.565024239676404,0.31795066169293296,3.2999965122767856,6.003321966675243,1427.2254404577352,1429.0495481653365,1427.1837662035466,1435.5,1432.942625306331,1414.9700561284692,2026-08-31 12:45:00+05:30,1435.7649754115514,2026-08-31 14:30:00+05:30,1444.8950238909042,2.0,0.15725710314227453,1.8427428968577255,,TARGET HIT
ICICIBANK,2026-09-09,SELL,BREAKOUT,2026-09-09 10:00:00+05:30,1388.3260716029577,1393.54392351423,1377.890367780413,5.217851911272321,0.37583763771343737,3.4785679408482144,6.206974577015755,1390.347112908648,1394.6007059720575,1399.7594812001073,1389.4000244140625,1403.8219014029814,1391.0904464553512,2026-09-09 10:15:00+05:30,1388.3260716029577,2026-09-09 11:15:00+05:30,1393.54392351423,-1.0000000000000187,0.13303617036387186,-1.1330361703638905,,STOP LOSS HIT
ICICIBANK,2026-09-25,SELL,BREAKOUT,2026-09-25 14:15:00+05:30,1317.949261038644,1322.4706974574497,1308.9063882010323,4.521436418805804,0.34306604605116353,3.0142909458705356,6.9811618218573726,1327.080109457457,1325.6302419134618,1328.0284378018478,1321.0,1340.9675774064658,1325.5445386995784,,,,,,,,,CANCELLED
ITC,2026-08-26,BUY,BREAKOUT,2026-08-26 09:45:00+05:30,273.9891192844936,272.8999938964844,276.16737006051204,1.0891253880092222,0.39750680277136874,0.7821415492466518,3.435007276335078,272.6615570238193,271.42602585094477,270.35031348349094,273.3500061035156,272.5865913555005,270.61454793747765,,,,,,,,,CANCELLED
ITC,2026-09-01,BUY,BREAKOUT,2026-09-01 12:00:00+05:30,267.4603634425572,264.35547015390944,273.6701500198527,3.1048932886477587,1.1608797837121763,2.207146780831473,7.921280622773568,264.24581117061956,264.43091014564885,264.35547015390944,266.29998779296875,265.87774028036665,260.038461844532,,,,,,,,,CANCELLED
ITC,2026-09-01,BUY,BREAKOUT,2026-09-01 13:15:00+05:30,267.7094583783831,265.9255239214216,271.2773272923061,1.7839344569614954,0.6663696037366246,1.1892896379743303,10.487720910297103,264.9218000833782,265.64507771660436,265.0412047690139,267.6000061035156,266.09968603966666,259.81895043229014,2026-09-01 13:30:00+05:30,267.7094583783831,2026-09-01 15:00:00+05:30,265.9255239214216,-1.0000000000000047,0.07503343447784566,-1.0750334344778503,,STOP LOSS HIT
ITC,2026-09-16,BUY,BREAKOUT,2026-09-16 11:00:00+05:30,262.6623273577009,261.8743403756278,264.23830132184713,0.7879869820731028,0.30000000000000004,1.2464250837053572,2.175283886543418,261.81132150025013,261.67097417979795,261.2134170843539,262.3999938964844,260.8127033243856,256.7947770584423,2026-09-16 11:30:00+05:30,262.6623273577009,2026-09-16 11:30:00+05:30,261.8743403756278,-1.0000000000000058,0.16666666666666663,-1.1666666666666723,,STOP LOSS HIT
ITC,2026-10-05,BUY,BREAKOUT,2026-10-05 10:45:00+05:30,262.4666009630476,260.6000061035156,266.19979068211154,1.866594859531972,0.7111742418589738,1.332141331263951,2.1457990636940356,260.94932866429724,259.99873485645713,259.136883900831,261.8500061035156,261.1814079045295,254.2419119215071,2026-10-05 11:15:00+05:30,262.4666009630476,2026-10-05 13:00:00+05:30,260.6000061035156,-1.0,0.07030625837811913,-1.070306258378119,,STOP LOSS HIT
ITC,2026-10-06,SELL,BREAKOUT,2026-10-06 14:30:00+05:30,264.75730928693497,265.55158121479576,263.1687654312134,0.7942719278608049,0.30000000000000004,0.8535701206752232,2.4655943786053927,266.09459295698605,265.1592918505798,265.232705969284,264.95001220703125,272.47740342639224,265.8282959656849,2026-10-06 14:45:00+05:30,264.75,2026-10-06 15:15:00+05:30,265.3500061035156,-0.7554164795067203,0.16666206541696957,-0.9220785449236899,,TIME EXIT
ITC,2026-10-08,SELL,BREAKOUT,2026-10-08 10:15:00+05:30,257.6653570992606,259.70001220703125,253.59604688371923,2.034655107770675,0.7896502388510317,1.6928580147879464,2.417042102509119,259.12070903290237,260.50725320721375,262.3039099799093,257.8500061035156,267.29557616509635,261.4206499748139,2026-10-08 10:30:00+05:30,257.6653570992606,2026-10-08 15:00:00+05:30,253.59604688371923,2.0,0.06331917289451051,1.9366808271054894,,TARGET HIT
INFY,2026-08-28,BUY,BREAKOUT,2026-08-28 10:00:00+05:30,1145.1396676199777,1138.5999755859375,1158.219051688058,6.539692034040172,0.5710824818104557,4.792864118303571,2.4405249966562574,1138.9332967902526,1127.937695104291,1120.8348348013546,1141.800048828125,1133.6318737604333,1105.2540509131575,,,,,,,,,CANCELLED
INFY,2026-08-28,BUY,BREAKOUT,2026-08-28 13:00:00+05:30,1144.0710963657923,1139.800048828125,1152.613191441127,4.2710475376673,0.37332011543989957,3.4214390345982144,2.563634729265464,1140.1023626868362,1139.6866784283875,1134.1094147018111,1142.9000244140625,1136.656020364151,1102.2760170522774,,,,,,,,,CANCELLED
INFY,2026-09-09,SELL,BREAKOUT,2026-09-09 09:45:00+05:30,1042.2014277866908,1051.0999755859375,1024.4043321881975,8.898547799246671,0.8538222614168163,5.971444266183036,2.400571838933516,1046.9555822345933,1065.037416022193,1075.2370225560226,1043.0,1089.5959607077268,1050.6718001336294,2026-09-09 10:00:00+05:30,1042.2014277866908,2026-09-09 15:15:00+05:30,1032.800048828125,1.056507103255851,0.058560197197284315,0.9979469060585667,,TIME EXIT
INFY,2026-09-22,SELL,BREAKOUT,2026-09-22 09:45:00+05:30,1028.8346422467912,1031.9211461735315,1022.6616343933105,3.0865039267403738,0.30000000000000004,3.307155064174107,2.100795209609918,1030.316031262635,1034.276427145195,1036.4895609978855,1029.699951171875,1044.6607563506284,1031.5439409992905,2026-09-22 10:00:00+05:30,1028.8346422467912,2026-09-22 10:30:00+05:30,1022.6616343933105,1.9999999999999931,0.16666666666666663,1.8333333333333264,,TARGET HIT
INFY,2026-10-08,BUY,BREAKOUT,2026-10-08 11:00:00+05:30,1008.3527032034738,1004.7000122070312,1015.6580851963588,3.652690996442516,0.36224338813573304,4.053575788225446,5.720589954709939,1006.2886592309884,1004.5829426791012,1002.209983766228,1007.4000244140625,1005.0041474975344,983.7851875419572,,,,,,,,,CANCELLED
INDIGO,2026-08-21,SELL,BREAKOUT,2026-08-21 09:45:00+05:30,5086.7017857142855,5110.648214285714,5038.808928571429,23.94642857142857,0.4707653324336952,15.964285714285714,3.290243859307857,5118.805747868263,5145.900724915305,5162.075650425923,5108.0,5190.2871319408605,5133.742243236612,,,,,,,,,CANCELLED
INDIGO,2026-09-21,SELL,REVERSAL,2026-09-21 13:45:00+05:30,4933.957142857143,4950.242857142857,4914.414285714285,16.285714285714285,0.3300740929477064,10.857142857142858,1.5451456330869724,4976.29959729683,4956.085385651507,4959.639592481073,4939.0,4991.870679664133,4882.889546079819,,,,,,,,,CANCELLED
INDIGO,2026-09-30,BUY,BREAKOUT,2026-09-30 12:45:00+05:30,5015.608928571429,4982.341071428572,5082.1446428571435,33.26785714285714,0.6632865045228448,22.178571428571427,2.799741190728055,4952.27193039181,4951.1768518397375,4930.205338635692,4997.5,4953.1414148343765,4841.6729358917055,,,,,,,,,CANCELLED
JSWSTEEL,2026-08-20,BUY,BREAKOUT,2026-08-20 10:30:00+05:30,1310.8992606026786,1301.9207101004465,1328.8563616071428,8.978550502232142,0.6849153685619064,5.985700334821429,5.268826899250482,1294.3492618234404,1292.2782290680047,1285.8019947150901,1306.9000244140625,1303.3380660734636,1281.009301355277,,,,,,,,,CANCELLED
JSWSTEEL,2026-08-24,BUY,BREAKOUT,2026-08-24 10:15:00+05:30,1310.0479069301061,1302.6121638706754,1324.9193930489678,7.435743059430804,0.5675932170187054,4.957162039620536,3.0034648310967142,1302.8788543547837,1298.7986442495953,1294.5124102970374,1308.0,1304.828727633068,1288.8946244771655,2026-08-24 10:30:00+05:30,1310.0479069301061,2026-08-24 15:15:00+05:30,1316.0,0.8004705141532268,0.08809125708482916,0.7123792570683977,,TIME EXIT
JIOFIN,2026-09-07,SELL,BREAKOUT,2026-09-07 11:00:00+05:30,235.56204190935406,236.39999389648438,233.88613793509344,0.8379519871303103,0.3557245387831882,0.7592838832310268,2.9121591649539664,236.74476295350786,236.9693085887522,237.76899531566193,235.61000061035156,240.8048620033289,237.94650006556813,2026-09-07 11:15:00+05:30,235.56204190935406,2026-09-07 15:15:00+05:30,234.9199981689453,0.7662058808494808,0.14055819756217233,0.6256476832873085,,TIME EXIT
JIOFIN,2026-09-11,SELL,BREAKOUT,2026-09-11 10:30:00+05:30,226.83721918378558,227.7100067138672,225.09164412362236,0.8727875300816095,0.38476381134546933,0.8557139805385044,5.242084750137124,227.45445840985025,228.28328147656745,229.41302663495432,227.0,231.43719739179298,227.07311485482413,2026-09-11 10:45:00+05:30,226.83721918378558,2026-09-11 13:45:00+05:30,227.7100067138672,-1.0,0.1299498511181612,-1.1299498511181612,,STOP LOSS HIT
JIOFIN,2026-09-17,BUY,BREAKOUT,2026-09-17 12:00:00+05:30,230.3841090611049,228.9199981689453,233.3123308454241,1.4641108921595958,0.635508628666428,1.0821446010044642,3.892480209854856,228.3875777264945,228.69781425349296,227.86800829357165,229.9499969482422,226.6756895726752,223.5674700782194,,,,,,,,,CANCELLED
JIOFIN,2026-10-06,BUY,BREAKOUT,2026-10-06 10:00:00+05:30,217.5419340951102,216.0800018310547,220.46579862322125,1.4619322640555197,0.6720231987164171,1.038572038922991,2.428643139194411,215.6395731794571,214.31140412204996,212.99071417549018,217.10000610351562,214.20695146384898,210.75867637743212,2026-10-06 10:30:00+05:30,217.5419340951102,2026-10-06 15:15:00+05:30,217.1999969482422,-0.2338939739379293,0.07440219339972397,-0.30829616733765325,,TIME EXIT
KOTAKBANK,2026-08-20,BUY,BREAKOUT,2026-08-20 13:00:00+05:30,399.5503571646554,398.03964222499303,402.5717870439802,1.5107149396623885,0.37810376403688717,1.007143293108259,2.520585114025646,396.640879097119,397.20288302436103,395.56950093306267,399.0,395.51790531352106,388.34842440269733,,,,,,,,,CANCELLED
KOTAKBANK,2026-08-24,SELL,BREAKOUT,2026-08-24 11:00:00+05:30,400.69160690307615,402.1000061035156,397.8748085021972,1.4083992004394759,0.3514920642648139,1.1678619384765625,2.405145850478949,402.2956010289459,402.07945135103125,402.20003859397394,400.75,406.5046390416697,401.25361502808823,2026-08-24 11:15:00+05:30,400.69160690307615,2026-08-24 15:00:00+05:30,402.1000061035156,-1.0,0.14225072223061638,-1.1422507222306164,,STOP LOSS HIT
KOTAKBANK,2026-08-26,BUY,BREAKOUT,2026-08-26 09:45:00+05:30,409.97052971976143,407.8544550214495,414.2026791163853,2.116074698311942,0.5161528804908004,1.4107164655412947,2.9958826744397884,407.3356445800238,404.27027017539,402.2941726915611,409.6499938964844,403.9313208847134,399.9715114490772,2026-08-26 10:00:00+05:30,409.97052971976143,2026-08-26 10:45:00+05:30,414.2026791163853,1.9999999999999925,0.09687052400532165,1.9031294759946709,,TARGET HIT
KOTAKBANK,2026-08-27,BUY,BREAKOUT,2026-08-27 09:45:00+05:30,426.99660088675364,424.45001220703125,432.0897782461984,2.5465886797223902,0.596395539082473,1.9321398053850447,5.59803123984938,423.06770049662856,419.92800297127434,416.2745921270983,426.0,418.8737032669702,412.8849039881593,2026-08-27 10:30:00+05:30,426.99660088675364,2026-08-27 10:30:00+05:30,424.45001220703125,-1.0,0.08383697852087005,-1.0838369785208701,,STOP LOSS HIT
KOTAKBANK,2026-09-25,SELL,BREAKOUT,2026-09-25 12:30:00+05:30,401.9787377493722,404.11623905726844,397.7037351335798,2.1375013078962053,0.5317448678663461,1.4250008719308036,2.6176033325524553,405.34727027795367,404.6701808802472,405.60910909350577,402.45001220703125,408.7986471304515,403.1102124077389,2026-09-25 12:45:00+05:30,401.9787377493722,2026-09-25 15:00:00+05:30,404.0,-0.9456191877689066,0.09403005655819038,-1.039649244327097,,TIME EXIT
KOTAKBANK,2026-09-28,SELL,BREAKOUT,2026-09-28 10:00:00+05:30,396.70373764038084,397.89384885330196,394.32351521453853,1.1901112129211426,0.30000000000000004,1.9250030517578125,2.1750398830343216,397.29778146915663,399.30936916330324,401.39592662357023,397.25,406.04916924416847,399.96097515803035,2026-09-28 10:45:00+05:30,396.70373764038084,2026-09-28 11:30:00+05:30,397.89384885330196,-0.9999999999999846,0.16666666666666666,-1.1666666666666512,,STOP LOSS HIT
KOTAKBANK,2026-10-01,BUY,BREAKOUT,2026-10-01 09:45:00+05:30,433.69213071550644,430.95001220703125,439.1763677324568,2.742118508475187,0.6322730606043583,2.842858450753348,8.999652016173968,429.7253650320149,423.3149667060571,418.6981782449506,432.04998779296875,427.9424017995108,414.7541780588055,2026-10-01 10:30:00+05:30,433.69213071550644,2026-10-01 10:45:00+05:30,430.95001220703125,-1.0,0.07907975701543807,-1.079079757015438,,STOP LOSS HIT
KOTAKBANK,2026-10-01,SELL,REVERSAL,2026-10-01 13:15:00+05:30,419.3696428571429,423.28035714285716,414.67678571428576,3.9107142857142856,0.9325220249779643,2.607142857142857,1.9640858610497318,428.8860215056141,422.49366080042665,422.61943636066195,420.04998779296875,428.86240762643087,413.85286844920415,2026-10-01 13:30:00+05:30,419.3696428571429,2026-10-01 15:15:00+05:30,418.95001220703125,0.10730281464041636,0.05361803652968037,0.053684778110735985,,TIME EXIT
KOTAKBANK,2026-10-06,BUY,BREAKOUT,2026-10-06 11:45:00+05:30,432.2923153468541,430.5,435.87694604056225,1.7923153468540818,0.4146072653213832,2.846429007393973,3.7145090274039307,430.91081616153326,429.76396485998123,426.12518975692876,431.6000061035156,424.8411753886267,413.54628529032817,2026-10-06 12:15:00+05:30,432.2923153468541,2026-10-06 15:00:00+05:30,430.5,-1.0,0.1205960536201469,-1.120596053620147,,STOP LOSS HIT
LT,2026-08-26,SELL,BREAKOUT,2026-08-26 10:30:00+05:30,4078.4464285714284,4090.681767857143,4053.97575,12.235339285714286,0.3,11.071428571428571,2.526610906629257,4091.696619876284,4091.9644688762273,4092.563585793272,4081.0,4134.372221220004,4091.1744291235877,2026-08-26 10:45:00+05:30,4078.4464285714284,2026-08-26 12:30:00+05:30,4053.97575,1.9999999999999842,0.16666666666666666,1.8333333333333175,,TARGET HIT
LT,2026-09-09,BUY,BREAKOUT,2026-09-09 09:45:00+05:30,4003.6863307407925,3990.10009765625,4030.8587969098776,13.586233084542528,0.33934309439342863,15.728567940848214,23.59546136228885,3997.4076520074345,3983.5568896189106,3977.9397047531697,3998.10009765625,3958.2545618610648,3929.0605800091953,,,,,,,,,CANCELLED
M&M,2026-08-07,BUY,BREAKOUT,2026-08-07 11:15:00+05:30,3467.8810215541293,3447.4489100864953,3508.745244489397,20.43211146763393,0.589181443672404,13.621407645089286,3.368449415491533,3448.5884643196728,3446.325414429895,3438.61316448733,3464.300048828125,3442.054659878799,3370.046494401539,2026-08-07 11:30:00+05:30,3467.8810215541293,2026-08-07 15:15:00+05:30,3502.0,1.6698704145148089,0.08486350094182692,1.585006913572982,,TIME EXIT
M&M,2026-09-16,BUY,BREAKOUT,2026-09-16 11:15:00+05:30,3094.7791861397877,3085.300048828125,3113.737460763113,9.479137311662726,0.3062944637250951,17.585675920758927,2.1733461372174956,3087.4402768058444,3087.273632267504,3084.4666707693873,3090.199951171875,3071.1413653438403,3008.000568516424,,,,,,,,,CANCELLED
M&M,2026-09-25,BUY,BREAKOUT,2026-09-25 12:15:00+05:30,3019.14116734096,3004.5,3048.4235020228793,14.641167340959782,0.48494477500217914,10.821393694196429,2.437843262082286,2997.2804970958305,3003.487036462336,3001.987878259923,3016.800048828125,2997.9108468341833,2964.205835963376,2026-09-25 12:30:00+05:30,3019.14116734096,2026-09-25 15:00:00+05:30,3035.0,1.0831672290688137,0.10310452360225002,0.9800627054665637,,TIME EXIT
M&M,2026-10-01,SELL,BREAKOUT,2026-10-01 10:15:00+05:30,2873.911785888672,2905.800048828125,2810.135260009766,31.888262939452943,1.1095769569556375,21.7642822265625,2.8479482664524833,2880.5555533971847,2905.801485578955,2928.516100608743,2877.39990234375,2970.5276890688524,2885.7784866325137,2026-10-01 10:30:00+05:30,2873.911785888672,2026-10-01 15:15:00+05:30,2856.300048828125,0.5522952784849683,0.045062219151689786,0.5072330593332786,,TIME EXIT
MARUTI,2026-08-25,SELL,BREAKOUT,2026-08-25 11:15:00+05:30,13463.110714285714,13518.0,13353.332142857143,54.889285714285506,0.4077013617368715,37.785714285714285,2.937172869691207,13505.040223004695,13501.472350275955,13522.959487981936,13469.0,13667.113089206016,13537.011438783076,2026-08-25 11:30:00+05:30,13463.110714285714,2026-08-25 11:45:00+05:30,13518.0,-1.0,0.12263878586765614,-1.122638785867656,,STOP LOSS HIT
MARUTI,2026-09-02,SELL,BREAKOUT,2026-09-02 11:00:00+05:30,12691.907142857142,12749.0,12577.721428571427,57.09285714285761,0.4498367069679422,61.857142857142854,5.855290118558349,12776.786761322554,12795.147491723905,12909.64357228448,12697.0,12997.808471684537,12752.745294396751,2026-09-02 11:15:00+05:30,12691.907142857142,2026-09-02 15:00:00+05:30,12749.0,-1.0,0.11115144501438669,-1.1111514450143867,,STOP LOSS HIT
MARUTI,2026-09-07,BUY,BREAKOUT,2026-09-07 13:45:00+05:30,12808.739285714286,12770.313067857143,12885.591721428571,38.42621785714286,0.30000000000000004,34.785714285714285,2.6272467170420364,12760.136183301087,12785.877453662571,12767.2023507812,12801.0,12800.612168741984,12546.732174957278,2026-09-07 14:00:00+05:30,12808.739285714286,2026-09-07 15:00:00+05:30,12770.313067857143,-0.9999999999999919,0.16666666666666669,-1.1666666666666585,,STOP LOSS HIT
MARUTI,2026-10-01,SELL,BREAKOUT,2026-10-01 10:30:00+05:30,11698.057142857142,11753.0,11588.171428571426,54.942857142857974,0.4696750620371708,58.857142857142854,2.018856458889605,11744.880921299151,11784.358084476347,11853.952526504665,11701.0,12043.327639579797,11768.456876144137,2026-10-01 10:45:00+05:30,11698.057142857142,2026-10-01 12:30:00+05:30,11588.171428571426,2.0,0.1064565782631289,1.8935434217368712,,TARGET HIT
MARUTI,2026-10-07,SELL,BREAKOUT,2026-10-07 11:30:00+05:30,11404.585714285715,11467.0,11279.757142857145,62.41428571428514,0.5472735904479477,48.285714285714285,2.745575208504809,11474.953340611317,11480.070569062718,11507.158011213809,11414.0,11692.62984438345,11501.695942393797,2026-10-07 12:15:00+05:30,11404.585714285715,2026-10-07 13:45:00+05:30,11467.0,-1.0,0.09136198214694523,-1.0913619821469451,,STOP LOSS HIT
MAXHEALTH,2026-08-12,SELL,BREAKOUT,2026-08-12 09:45:00+05:30,1015.8831904820033,1022.3867436000279,1002.8760842459542,6.503553118024554,0.6401870981779737,4.335702078683036,2.3759084635504637,1020.4648730689432,1030.0199751377727,1038.8159343523484,1016.0999755859375,1047.043710164771,1023.9179465478818,2026-08-12 10:00:00+05:30,1015.8831904820033,2026-08-12 12:30:00+05:30,1002.8760842459542,2.000000000000005,0.07810216754180803,1.9218978324581968,,TARGET HIT
MAXHEALTH,2026-08-13,BUY,BREAKOUT,2026-08-13 14:30:00+05:30,1037.3182146344866,1027.7717755998883,1056.411092703683,9.546439034598215,0.9202999523113585,6.364292689732143,19.11956269349845,1017.3033922263114,1017.2075892564881,1015.9736177516809,1028.699951171875,1024.5772568893558,994.0707039451511,,,,,,,,,CANCELLED
MAXHEALTH,2026-08-14,BUY,REVERSAL,2026-08-14 13:45:00+05:30,1016.1321672712054,1009.1678815569197,1024.4893101283483,6.964285714285715,0.6853720351150885,4.642857142857143,4.540240183016637,1004.5428336316896,1007.2169551096491,1006.424784118416,1014.5,1026.865285555663,997.0708235550035,2026-08-14 14:00:00+05:30,1016.1321672712054,2026-08-14 14:15:00+05:30,1009.1678815569197,-0.9999999999999929,0.0729530786758814,-1.0729530786758743,,STOP LOSS HIT
MAXHEALTH,2026-08-17,SELL,BREAKOUT,2026-08-17 11:30:00+05:30,996.2885465349469,1001.4000244140625,986.0655907767158,5.111477879115569,0.5130519563727889,6.228581019810268,3.098800889130175,1008.9712088423836,1004.2532449440735,1006.5732470077935,997.5,1018.3015021696336,998.4032584047887,,,,,,,,,CANCELLED
MAXHEALTH,2026-08-18,BUY,BREAKOUT,2026-08-18 09:45:00+05:30,1016.2789284842355,1007.9110739571707,1033.014637538365,8.367854527064733,0.823381681202941,5.578569684709821,2.90424162517565,1003.3133673986443,1002.2304298026382,1001.39208830602,1013.7999877929688,1010.786156718135,989.2660876195616,2026-08-18 10:00:00+05:30,1016.2789284842355,2026-08-18 10:15:00+05:30,1007.9110739571707,-1.0000000000000038,0.0607251790286993,-1.0607251790287031,,STOP LOSS HIT
MAXHEALTH,2026-09-09,BUY,BREAKOUT,2026-09-09 09:45:00+05:30,1027.7796434674945,1019.5,1044.3389304024834,8.279643467494452,0.8055854696207857,5.592869349888393,2.6870011609984354,1020.7825901786209,1008.5695077423605,1000.2125812877058,1027.0,1003.6516437786628,988.1765173681671,2026-09-09 10:00:00+05:30,1027.7796434674945,2026-09-09 15:00:00+05:30,1037.5,1.174006655077272,0.062066660690313295,1.1119399943869588,,TIME EXIT
MAXHEALTH,2026-09-30,SELL,BREAKOUT,2026-09-30 11:15:00+05:30,933.4342862810407,943.5999755859375,913.1029076712472,10.165689304896773,1.0890631996601057,11.314274379185267,6.471253053337708,938.6763703020505,945.05664096828,959.9067457528969,934.5,991.267111107597,967.1869906232529,2026-09-30 11:30:00+05:30,933.4342862810407,2026-09-30 14:00:00+05:30,913.1029076712472,2.0,0.04591101785057552,1.9540889821494245,,TARGET HIT
MAXHEALTH,2026-10-01,BUY,REVERSAL,2026-10-01 14:00:00+05:30,932.63234601702,927.8198389855866,938.4073544547402,4.8125070314334835,0.5160133092087349,4.646432059151786,2.5203865325288057,928.2844821915018,931.8120446699354,931.1673694177183,931.7999877929688,942.2560302810317,905.6527176231613,2026-10-01 14:30:00+05:30,932.63234601702,2026-10-01 15:00:00+05:30,938.4073544547402,1.2000000000000046,0.09689672554506588,1.1031032744549387,,TARGET HIT
NTPC,2026-08-31,SELL,BREAKOUT,2026-08-31 13:15:00+05:30,324.95999995640346,325.93487995627265,323.01023995666503,0.9748799998692104,0.3,0.8000008719308036,2.045919215533476,326.28503905917376,325.34087755366903,326.5361920804671,325.25,332.37402222408014,326.53442129781297,2026-08-31 13:30:00+05:30,324.95999995640346,2026-08-31 14:45:00+05:30,325.93487995627265,-0.999999999999977,0.16666666666666666,-1.1666666666666436,,STOP LOSS HIT
NTPC,2026-09-09,BUY,BREAKOUT,2026-09-09 10:30:00+05:30,336.96320855276923,335.79998779296875,339.2896500723702,1.1632207598004811,0.34520705236527865,1.2642931256975447,2.3459777703987994,335.5309366177107,334.9433360028084,333.4627911326899,336.6000061035156,333.33300434360336,328.8202811941116,2026-09-09 10:45:00+05:30,336.96320855276923,2026-09-09 11:00:00+05:30,335.79998779296875,-1.0,0.14484060988155253,-1.1448406098815525,,STOP LOSS HIT
NESTLEIND,2026-09-15,SELL,BREAKOUT,2026-09-15 12:30:00+05:30,1370.7585710797991,1376.315695788641,1359.6443216621153,5.557124708841911,0.4054050673901204,4.828578404017857,2.766489778798986,1377.4673469708052,1372.1801392722068,1376.315695788641,1371.699951171875,1400.7503921685152,1372.501204320683,2026-09-15 13:15:00+05:30,1370.7585710797991,2026-09-15 15:00:00+05:30,1362.0,1.5760976293843871,0.12333343616518022,1.452764193219207,,TIME EXIT
NESTLEIND,2026-09-16,BUY,BREAKOUT,2026-09-16 11:45:00+05:30,1392.0820944649834,1383.199951171875,1409.8463810512,8.882143293108356,0.6380473772649174,7.642865862165179,2.2114230950892413,1383.4177523718597,1383.472907799099,1379.861658437946,1388.5,1382.675442833264,1349.599167823441,2026-09-16 12:00:00+05:30,1392.0820944649834,2026-09-16 15:15:00+05:30,1384.199951171875,-0.8874145612156585,0.07836408671458263,-0.9657786479302412,,TIME EXIT
NESTLEIND,2026-10-08,BUY,BREAKOUT,2026-10-08 10:00:00+05:30,1345.4792380196707,1337.100632585798,1362.2364488874161,8.378605433872767,0.6227227590820895,5.585736955915179,2.244824738547804,1333.1302014523894,1330.0008336498486,1326.7925830043441,1338.0999755859375,1328.7054406874083,1317.99913080369,,,,,,,,,CANCELLED
ONGC,2026-08-05,SELL,BREAKOUT,2026-08-05 10:30:00+05:30,240.07295940944127,241.1199951171875,237.9788879939488,1.0470357077462324,0.4361322950830655,0.9407141549246651,2.3108011626353107,241.1834728474745,240.8899867712254,241.1607460164233,240.27000427246094,246.4134912522833,240.40496674975694,2026-08-05 11:15:00+05:30,240.07295940944127,2026-08-05 15:15:00+05:30,239.39999389648438,0.6427340614824548,0.11464411272381704,0.5280899487586378,,TIME EXIT
ONGC,2026-09-11,SELL,REVERSAL,2026-09-11 11:30:00+05:30,236.2935362134661,238.28746812002998,233.90081792558942,1.9939319065638952,0.8438368389233422,1.3292879377092635,3.7967768024029045,239.17841112867117,237.22506238604385,237.2537495160929,236.44000244140625,241.08069242479039,236.02272402034058,,,,,,,,,CANCELLED
ONGC,2026-09-11,SELL,BREAKOUT,2026-09-11 13:00:00+05:30,234.97721846444267,235.8000030517578,233.3316492898124,0.8227845873151409,0.350155045962316,0.8557161603655133,3.2014984500893804,238.67767616333282,236.3497473537365,236.77257292406543,235.22000122070312,241.0241659666357,236.0786494333931,2026-09-11 13:15:00+05:30,234.97721846444267,2026-09-11 13:30:00+05:30,233.3316492898124,2.0,0.14279388681258942,1.8572061131874107,,TARGET HIT
POWERGRID,2026-08-06,SELL,BREAKOUT,2026-08-06 10:00:00+05:30,273.34017246791296,274.5,271.0205174037389,1.1598275320870357,0.4243165289665522,1.1964285714285714,3.204880614474985,274.68348119988104,277.280220061416,279.60634772206856,274.0,283.09217804446376,278.66615846512923,2026-08-06 10:45:00+05:30,273.34017246791296,2026-08-06 10:45:00+05:30,271.0205174037389,2.0,0.11783655970644824,1.8821634402935516,,TARGET HIT
POWERGRID,2026-09-10,BUY,BREAKOUT,2026-09-10 10:15:00+05:30,269.64697036743166,268.25,272.440911102295,1.3969703674316634,0.5180738227943359,0.9392852783203125,2.8168022635984484,268.1857709200286,267.8290305219654,267.3148511351272,269.29998779296875,267.7689786453364,263.93103356169485,,,,,,,,,CANCELLED
POWERGRID,2026-09-10,BUY,BREAKOUT,2026-09-10 12:30:00+05:30,271.64893493652346,270.45001220703125,274.0467803955079,1.1989227294922102,0.44135005711410724,0.97857666015625,3.337368965148473,269.5985995098038,269.98272917005403,268.9349734831557,271.1000061035156,267.9378956254236,263.76211658160764,2026-09-10 13:15:00+05:30,271.64893493652346,2026-09-10 15:15:00+05:30,271.0,-0.5412650211396935,0.11328875842214503,-0.6545537795618386,,TIME EXIT
POWERGRID,2026-09-29,SELL,BREAKOUT,2026-09-29 10:30:00+05:30,259.61106512887136,260.45001220703125,257.9331709725516,0.8389470781598902,0.3231553623276556,0.7785753522600446,2.6331723114445915,260.47703272290937,261.0292773206258,262.6670141741886,259.8999938964844,264.18587411530945,260.4190502677111,2026-09-29 10:45:00+05:30,259.61106512887136,2026-09-29 11:00:00+05:30,260.45001220703125,-1.0,0.15472433952466402,-1.154724339524664,,STOP LOSS HIT
POWERGRID,2026-10-08,SELL,BREAKOUT,2026-10-08 09:45:00+05:30,247.80107743399483,248.6999969482422,246.00323840550013,0.8989195142473534,0.3627585172573726,0.9785733904157367,2.669763027317988,249.70693983360218,251.49117036073383,253.07109690391474,248.1999969482422,254.7099599013424,251.64143779004593,2026-10-08 10:00:00+05:30,247.80107743399483,2026-10-08 12:45:00+05:30,246.00323840550013,2.0,0.13783273891960926,1.8621672610803908,,TARGET HIT
RELIANCE,2026-08-06,BUY,BREAKOUT,2026-08-06 11:00:00+05:30,1308.9410226004463,1305.014199532645,1316.794668736049,3.926823067801339,0.3,4.821428571428571,3.3170605185935695,1301.1068452347445,1299.5486037194025,1293.4927498650509,1308.300048828125,1292.0116556080943,1272.3142129540777,2026-08-06 11:15:00+05:30,1309.300048828125,2026-08-06 11:45:00+05:30,1316.794668736049,1.9085708162859403,0.1667123812585237,1.7418584350274167,,TARGET HIT
RELIANCE,2026-09-01,BUY,BREAKOUT,2026-09-01 10:00:00+05:30,1304.733238874163,1294.7368050711495,1324.7261064801896,9.996433803013392,0.7661668688412647,6.664289202008929,2.986449453801079,1296.0247453703703,1293.0982439278284,1289.0510451520136,1301.5,1290.0580303005195,1271.9734593822852,2026-09-01 10:45:00+05:30,1304.733238874163,2026-09-01 15:00:00+05:30,1309.0,0.426828327973411,0.06525993492203466,0.36156839305137634,,TIME EXIT
RELIANCE,2026-09-04,BUY,BREAKOUT,2026-09-04 09:45:00+05:30,1332.4642368861607,1324.5356654575894,1348.3213797433036,7.928571428571429,0.5950307114508175,5.285714285714286,8.453261463679162,1321.2840352016449,1313.4953789528513,1310.9382673593532,1327.800048828125,1308.2523159398256,1298.352754073928,,,,,,,,,CANCELLED
RELIANCE,2026-09-04,BUY,BREAKOUT,2026-09-04 11:45:00+05:30,1331.2832148960658,1327.0,1339.8496446881975,4.283214896065829,0.3217358145990162,5.664297921316964,2.0868926180443452,1324.51584017775,1325.2980588897512,1319.685804016946,1330.4000244140625,1310.937708565917,1295.6706561052406,2026-09-04 12:00:00+05:30,1331.2832148960658,2026-09-04 12:45:00+05:30,1327.0,-1.0,0.1554070070262948,-1.1554070070262947,,STOP LOSS HIT
RELIANCE,2026-09-16,BUY,BREAKOUT,2026-09-16 13:00:00+05:30,1253.1514299665178,1249.3919756766181,1260.6703385463168,3.7594542898995535,0.30000000000000004,3.028599330357143,2.0952999296808597,1251.1110435758633,1251.1884842429051,1250.7929499251109,1252.199951171875,1252.0279979229067,1226.6282596223614,,,,,,,,,CANCELLED
SBILIFE,2026-08-19,SELL,BREAKOUT,2026-08-19 10:30:00+05:30,1747.5061205182756,1755.800048828125,1730.9182638985767,8.293928309849434,0.47461512222856306,5.878566196986607,3.0510549533221627,1755.0539956070727,1760.859468965876,1770.3485912746032,1749.800048828125,1786.3448195729497,1766.271113600321,2026-08-19 10:45:00+05:30,1747.5061205182756,2026-08-19 11:15:00+05:30,1755.800048828125,-1.0,0.10534851853270959,-1.1053485185327097,,STOP LOSS HIT
SBILIFE,2026-08-21,BUY,BREAKOUT,2026-08-21 14:30:00+05:30,1795.4260227748325,1788.643874686105,1808.990318952288,6.782148088727679,0.37774589443935225,4.521432059151786,2.235903042709593,1782.086929310275,1784.9380132965164,1782.532867218718,1795.0999755859375,1791.7593374627995,1770.1521877202904,,,,,,,,,CANCELLED
SBILIFE,2026-09-07,SELL,BREAKOUT,2026-09-07 12:00:00+05:30,1741.750333077567,1748.800048828125,1727.6509015764507,7.049715750558107,0.4047489250713498,6.992850167410714,2.858923200520539,1752.79009657954,1751.1804355282295,1753.1796750210624,1745.300048828125,1786.4319447229827,1757.606698470447,2026-09-07 12:30:00+05:30,1741.750333077567,2026-09-07 15:15:00+05:30,1732.0999755859375,1.3689002270574384,0.12353337316754064,1.2453668538898979,,TIME EXIT
SHRIRAMFIN,2026-08-06,BUY,BREAKOUT,2026-08-06 10:00:00+05:30,1147.2121673583983,1140.0999755859375,1161.43655090332,7.1121917724608466,0.6199543532420486,6.24285888671875,2.651341449438244,1138.1672086011909,1128.6440616206273,1116.1200752138668,1146.0,1141.6254527056099,1110.8527603427342,2026-08-06 10:15:00+05:30,1147.2121673583983,2026-08-06 13:45:00+05:30,1140.0999755859375,-1.0,0.08065109913096863,-1.0806510991309686,,STOP LOSS HIT
SHRIRAMFIN,2026-08-26,SELL,BREAKOUT,2026-08-26 12:45:00+05:30,1112.7207144601005,1116.0588766034807,1106.04439017334,3.3381621433803015,0.3,5.585710797991071,2.2862690079739942,1125.8918570633803,1121.146105711606,1124.087569716778,1114.199951171875,1145.9144316053084,1129.297242306068,,,,,,,,,CANCELLED
SHRIRAMFIN,2026-09-17,BUY,BREAKOUT,2026-09-17 09:45:00+05:30,998.2517859322684,993.2000122070312,1008.3553333827426,5.051773725237126,0.5060620773665102,5.035718645368304,3.3379558383027836,995.2119916021027,986.3932475170434,982.9237249948974,995.4000244140625,991.1375848654326,969.0847090179997,,,,,,,,,CANCELLED
SHRIRAMFIN,2026-09-17,BUY,BREAKOUT,2026-09-17 12:00:00+05:30,996.2814285278321,988.5,1011.8442855834962,7.781428527832077,0.7810472327412952,5.628570556640625,3.261844735282596,992.7213039297926,990.2457386621544,987.036756903045,995.0,992.6612344892305,967.5644756678768,2026-09-17 12:15:00+05:30,996.2814285278321,2026-09-17 15:15:00+05:30,996.0,-0.03616669186454423,0.06401661500612654,-0.10018330687067077,,TIME EXIT
SBIN,2026-08-06,BUY,BREAKOUT,2026-08-06 13:00:00+05:30,1071.0521684919086,1066.487846156529,1080.1808131626674,4.564322335379464,0.42615312957222645,3.042881556919643,3.9504908132126615,1060.961104781581,1060.6930652928797,1058.095304675005,1070.199951171875,1062.813549063045,1046.1938571445978,2026-08-06 13:15:00+05:30,1071.0521684919086,2026-08-06 13:30:00+05:30,1080.1808131626674,1.9999999999999787,0.11732871714491483,1.8826712828550638,,TARGET HIT
SBIN,2026-08-10,SELL,BREAKOUT,2026-08-10 11:45:00+05:30,1077.2139046805246,1084.0,1063.6417140415738,6.7860953194754075,0.6299672971161654,7.721418108258929,2.573686337998965,1087.0195674308698,1085.7755443448002,1088.3921642482135,1077.5999755859375,1114.688634824674,1090.576512721479,2026-08-10 12:00:00+05:30,1077.2139046805246,2026-08-10 15:15:00+05:30,1071.0,0.9156819036554518,0.07936919936778884,0.8363127042876629,,TIME EXIT
SBIN,2026-08-12,BUY,BREAKOUT,2026-08-12 10:45:00+05:30,1080.1932141985212,1076.9526345559257,1086.6743734837123,3.2405796425955637,0.30000000000000004,3.864283970424107,2.85125935780644,1079.0943991015952,1076.5673903701293,1073.3610495781043,1079.5999755859375,1072.080095959841,1061.4263397721868,2026-08-12 11:00:00+05:30,1080.1932141985212,2026-08-12 11:30:00+05:30,1076.9526345559257,-0.9999999999999953,0.16666666666666669,-1.166666666666662,,STOP LOSS HIT
SBIN,2026-09-29,SELL,BREAKOUT,2026-09-29 09:45:00+05:30,954.8503566196987,958.5999755859375,947.3511186872211,3.7496189662388133,0.3926917909433452,2.9928676060267856,3.2554752848567743,957.3450684199082,959.1997011245394,962.2999491209744,956.4000244140625,966.4448434791536,957.4556428640473,,,,,,,,,CANCELLED
SUNPHARMA,2026-08-24,BUY,BREAKOUT,2026-08-24 10:45:00+05:30,1920.9881639753069,1912.3417798723492,1938.280932181222,8.64638410295759,0.4501008525250203,5.764256068638393,5.7178506294204,1909.7765994332583,1906.6070381572422,1901.2043929402582,1917.199951171875,1911.1046662059532,1886.5282541117151,2026-08-24 11:00:00+05:30,1920.9881639753069,2026-08-24 13:45:00+05:30,1912.3417798723492,-1.0000000000000073,0.11108621483275372,-1.1110862148327612,,STOP LOSS HIT
SUNPHARMA,2026-09-01,SELL,BREAKOUT,2026-09-01 14:30:00+05:30,1923.1446663992745,1928.9141003984723,1911.6057984008787,5.769433999197823,0.3,5.107160295758929,4.677650876864507,1935.052526692151,1928.8844522239451,1931.1714437299343,1926.4000244140625,1996.1298928675847,1944.2380046809174,2026-09-01 15:00:00+05:30,1923.1446663992745,2026-09-01 15:00:00+05:30,1928.9141003984723,-1.0000000000000084,0.16666666666666666,-1.1666666666666752,,STOP LOSS HIT
SUNPHARMA,2026-09-21,BUY,BREAKOUT,2026-09-21 10:00:00+05:30,1881.5738804408481,1873.5999755859375,1897.5216901506694,7.973904854910643,0.42378909155788114,7.478585379464286,4.8714992999057385,1876.0142346376304,1866.0937069921174,1859.9106147126831,1880.5,1852.1217682842714,1828.0061508695096,2026-09-21 10:15:00+05:30,1881.5738804408481,2026-09-21 11:45:00+05:30,1873.5999755859375,-1.0,0.117983216170563,-1.117983216170563,,STOP LOSS HIT
SUNPHARMA,2026-09-30,SELL,BREAKOUT,2026-09-30 10:30:00+05:30,1816.040713936942,1829.8192958286832,1788.4835501534599,13.77858189174107,0.7587154729516433,9.185721261160714,2.8499196772485806,1834.8390327883153,1837.103259480199,1841.6236481447377,1818.800048828125,1875.2555920582802,1850.3685791605994,2026-09-30 10:45:00+05:30,1816.040713936942,2026-09-30 11:45:00+05:30,1829.8192958286832,-1.0000000000000073,0.06590085714936612,-1.0659008571493735,,STOP LOSS HIT
SUNPHARMA,2026-09-30,BUY,REVERSAL,2026-09-30 13:45:00+05:30,1842.8125008719308,1834.3825010512767,1852.9285006567156,8.429999820654075,0.4574529322253567,6.250017438616071,3.8730167579855848,1835.0075027951382,1838.0534465427277,1837.1407036893886,1842.4000244140625,1876.8463294451024,1848.7815947407146,2026-09-30 14:00:00+05:30,1842.8125008719308,2026-09-30 14:15:00+05:30,1834.3825010512767,-1.0,0.10930086240078643,-1.1093008624007865,,STOP LOSS HIT
TCS,2026-08-07,BUY,BREAKOUT,2026-08-07 11:00:00+05:30,2430.61642804827,2423.324578764125,2445.2001266165594,7.29184928414481,0.3,12.328560965401786,2.9989900253518478,2429.793301691336,2422.5483484999822,2412.5238662692395,2429.89990234375,2401.909053295465,2350.450860967526,2026-08-07 11:15:00+05:30,2430.61642804827,2026-08-07 13:30:00+05:30,2445.2001266165594,1.9999999999999825,0.16666666666666666,1.8333333333333157,,TARGET HIT
TCS,2026-08-28,BUY,BREAKOUT,2026-08-28 10:15:00+05:30,2334.646882847377,2323.300048828125,2357.3405508858814,11.346834019252128,0.4860192820857485,10.935703822544642,2.017213552042463,2320.959649902565,2303.4023076539643,2282.5422546406694,2330.5,2287.570853023891,2233.090521875139,,,,,,,,,CANCELLED
TCS,2026-08-28,BUY,BREAKOUT,2026-08-28 13:00:00+05:30,2348.67683367048,2337.3732883998327,2371.283924211775,11.303545270647321,0.4812729068810329,7.535696847098214,2.403851413675178,2326.668718921438,2333.09390450977,2316.000579318431,2343.699951171875,2295.445370599471,2225.2981431123358,,,,,,,,,CANCELLED
TCS,2026-09-18,SELL,BREAKOUT,2026-09-18 12:15:00+05:30,2115.599595424107,2127.699951171875,2091.398883928571,12.100355747767935,0.5719586907626638,12.007114955357142,3.993179605574254,2131.684322418762,2131.618285539415,2148.1332271919864,2121.5,2211.395867172117,2153.7506798633085,2026-09-18 13:00:00+05:30,2115.599595424107,2026-09-18 15:00:00+05:30,2105.0,0.8759738676329657,0.08741890071349168,0.788554966919474,,TIME EXIT
TCS,2026-10-08,SELL,REVERSAL,2026-10-08 14:00:00+05:30,2092.37280796596,2102.187104143415,2080.5956525530137,9.814296177455358,0.46905102857822184,6.542864118303571,1.6830894640663592,2115.2857119409905,2103.6597959752753,2104.303615246455,2095.89990234375,2119.7976535999596,2062.4865474408207,2026-10-08 14:15:00+05:30,2092.37280796596,2026-10-08 14:15:00+05:30,2080.5956525530137,1.1999999999999853,0.10659820990385419,1.093401790096131,,TARGET HIT
TATACONSUM,2026-08-11,SELL,BREAKOUT,2026-08-11 11:15:00+05:30,1078.8574759347098,1085.5,1065.5724278041293,6.6425240652902175,0.6156998689317336,4.849993024553571,2.1361818628975002,1086.2924573309506,1088.4288077667313,1092.3635333080354,1079.699951171875,1115.827350835947,1096.5053616762434,2026-08-11 11:30:00+05:30,1078.8574759347098,2026-08-11 12:30:00+05:30,1085.5,-1.0,0.08120839799227536,-1.0812083979922753,,STOP LOSS HIT
TATACONSUM,2026-08-12,SELL,BREAKOUT,2026-08-12 11:00:00+05:30,1059.5031655447824,1062.6816750414168,1053.1461465515138,3.1785094966343475,0.3,3.9357125418526784,2.04935250299197,1066.104704675206,1067.4795671872923,1074.3583041956574,1060.4000244140625,1085.855103756759,1066.3725373759933,2026-08-12 11:15:00+05:30,1059.5031655447824,2026-08-12 12:15:00+05:30,1062.6816750414168,-1.0000000000000269,0.16666666666666666,-1.1666666666666936,,STOP LOSS HIT
TATACONSUM,2026-08-21,SELL,BREAKOUT,2026-08-21 10:30:00+05:30,1047.959974016462,1051.300048828125,1041.2798243931359,3.340074811663044,0.3187216014426307,2.8000313895089284,4.483208911889178,1051.6663711257352,1054.3483933311866,1059.0170628761,1049.300048828125,1065.4419528180747,1050.8770912550567,2026-08-21 11:00:00+05:30,1047.959974016462,2026-08-21 15:15:00+05:30,1048.9000244140625,-0.28144591082751436,0.1568767217963415,-0.43832263262385585,,TIME EXIT
TATACONSUM,2026-10-06,BUY,BREAKOUT,2026-10-06 13:45:00+05:30,966.016453552246,962.5235794067382,973.0022018432617,3.4928741455078125,0.3615750158978947,2.328582763671875,2.1277364788281,954.6822577989136,955.7024119370087,953.2836934637243,964.0,962.195863275754,945.556284487159,2026-10-06 14:15:00+05:30,966.016453552246,2026-10-06 15:15:00+05:30,973.9500122070312,2.2713554294501437,0.1382838907600837,2.13307153869006,,TIME EXIT
TMPV,2026-08-05,BUY,BREAKOUT,2026-08-05 10:00:00+05:30,352.07714266095843,350.29998779296875,355.6314523969378,1.7771548679896796,0.50476292057989,1.5428532191685267,4.373971151612609,350.9307909272036,349.088060567273,347.9410033225391,351.25,349.71253295966073,347.337621561379,2026-08-05 10:15:00+05:30,352.07714266095843,2026-08-05 11:30:00+05:30,350.29998779296875,-1.0,0.09905640442558297,-1.099056404425583,,STOP LOSS HIT
TMPV,2026-08-12,SELL,BREAKOUT,2026-08-12 11:00:00+05:30,334.6524999346052,337.5775018964495,328.80249601091657,2.925001961844308,0.874041569214599,1.9500013078962053,23.223036050165327,341.5488468982731,344.89592369104366,346.0731623677282,338.6499938964844,349.44125993768466,346.06006906779453,,,,,,,,,CANCELLED
TMPV,2026-08-12,SELL,BREAKOUT,2026-08-12 12:00:00+05:30,336.17480926513673,339.93016510009767,328.66409759521486,3.7553558349609375,1.1170842464877067,2.503570556640625,3.646564495503861,340.4591568290109,340.97393133017965,343.6295660843057,336.3500061035156,349.6434952161537,345.85800817310206,2026-08-12 12:15:00+05:30,336.17480926513673,2026-08-12 14:30:00+05:30,339.93016510009767,-1.0,0.04475938153922418,-1.0447593815392242,,STOP LOSS HIT
TMPV,2026-08-14,SELL,BREAKOUT,2026-08-14 10:00:00+05:30,329.2805294581822,332.86446260724745,322.11266316005157,3.5839331490652904,1.0884133219059469,2.389288766043527,10.632912809776409,332.2483925465349,338.61509601721133,342.8257370873585,329.45001220703125,351.41776186289616,329.92556976611024,2026-08-14 10:15:00+05:30,329.2805294581822,2026-08-14 10:15:00+05:30,332.86446260724745,-0.9999999999999954,0.04593843073552591,-1.0459384307355213,,STOP LOSS HIT
TMPV,2026-09-15,SELL,REVERSAL,2026-09-15 13:45:00+05:30,306.9437497820173,308.6312563214983,304.91874193464,1.6875065394810267,0.5497771303958611,1.1250043596540178,2.284959955688653,312.95492132417337,308.28017718406227,308.4148245787782,307.1499938964844,318.4406154369745,299.20596084655585,2026-09-15 14:00:00+05:30,306.9437497820173,2026-09-15 14:45:00+05:30,304.91874193464,1.2000000000000126,0.09094594379362059,1.109054056206392,,TARGET HIT
TMPV,2026-09-16,SELL,BREAKOUT,2026-09-16 10:00:00+05:30,300.33070820399695,301.70001220703125,297.59210019792835,1.3693040030343013,0.45593206609569004,1.385713849748884,2.1151847321727466,302.4266064817727,303.20427051898463,305.2215176148222,300.70001220703125,306.7020373610092,301.9057813389556,,,,,,,,,CANCELLED
TMPV,2026-09-18,SELL,BREAKOUT,2026-09-18 11:45:00+05:30,304.7846366882324,305.93820877075194,302.47749252319335,1.1535720825195312,0.3784876085140515,2.3071441650390625,2.153741235340463,305.91073596064126,306.1229850162205,306.4913272383275,305.54998779296875,317.2987794110479,305.5563831562079,2026-09-18 12:00:00+05:30,304.7846366882324,2026-09-18 15:00:00+05:30,302.47749252319335,2.0,0.13210472119893388,1.867895278801066,,TARGET HIT
TMPV,2026-09-25,SELL,BREAKOUT,2026-09-25 10:45:00+05:30,291.6883927481515,293.5366103036063,287.9919576372419,1.848217555454799,0.6336273919033111,1.232145036969866,28.908324051160314,293.489307404094,294.18527020707654,295.69285517747096,291.95001220703125,298.2545359185444,292.9537998989927,2026-09-25 11:00:00+05:30,291.6883927481515,2026-09-25 15:15:00+05:30,290.04998779296875,0.8864784074511081,0.07891072993200048,0.8075676775191076,,TIME EXIT
TMPV,2026-09-29,SELL,BREAKOUT,2026-09-29 10:00:00+05:30,272.261255972726,274.92375989641465,266.9362481253488,2.6625039236886163,0.9779224422425109,1.7750026157924108,2.9956190001811263,274.3797188733324,277.585879028496,280.917729959481,272.8500061035156,283.96171456963174,276.46261412246963,,,,,,,,,CANCELLED
TATASTEEL,2026-08-24,BUY,BREAKOUT,2026-08-24 10:30:00+05:30,186.0104958125523,185.09549326215472,187.8405009133475,0.9150025503976005,0.4919090970649703,0.610001700265067,3.407428373244462,184.7419549553694,184.16509898919404,183.63159326850243,185.5,185.06648159510152,181.749052925657,,,,,,,,,CANCELLED
TATASTEEL,2026-08-24,BUY,BREAKOUT,2026-08-24 14:15:00+05:30,185.72917551313128,184.85381856645856,187.4798894064767,0.875356946672712,0.4713082606727144,0.583571297781808,3.546201045263769,185.09258462839986,185.16086826660464,184.80702349907546,185.61000061035156,185.58039271805066,181.23740646056353,2026-08-24 14:30:00+05:30,185.72917551313128,2026-08-24 15:15:00+05:30,185.30999755859375,-0.47886517166608833,0.10608768012814647,-0.5849528517942348,,TIME EXIT
TATASTEEL,2026-08-25,SELL,BREAKOUT,2026-08-25 12:00:00+05:30,183.95814824785506,184.51002269259862,182.85439935836794,0.5518744447435652,0.3,0.6371449061802456,2.2800088001511556,184.715263018697,184.2987765663686,184.57638337111473,184.16000366210938,188.1309816012834,184.46902450223223,,,,,,,,,CANCELLED
TATASTEEL,2026-08-28,SELL,BREAKOUT,2026-08-28 11:15:00+05:30,184.86156534467423,186.01442189897807,182.55585223606653,1.1528565543038505,0.6236323662814119,0.768571036202567,2.9409737840896466,186.71484787154426,186.55717107782993,187.04855744675444,184.94000244140625,189.14687343503584,185.18942238417185,2026-08-28 11:45:00+05:30,184.86156534467423,2026-08-28 15:00:00+05:30,186.01442189897807,-0.9999999999999895,0.08017544101846323,-1.0801754410184528,,STOP LOSS HIT
TATASTEEL,2026-09-23,BUY,BREAKOUT,2026-09-23 11:30:00+05:30,188.73363985334123,187.77999877929688,190.64092200142994,0.9536410740443557,0.5052841002724258,0.6728581019810268,2.0792819425065936,187.31534122620616,187.36970285594185,186.30848325610148,188.49000549316406,186.73321944254732,183.53933725314874,2026-09-23 12:00:00+05:30,188.73363985334123,2026-09-23 12:00:00+05:30,190.64092200142994,2.0,0.09895423183322474,1.9010457681667752,,TARGET HIT
TECHM,2026-08-07,SELL,REVERSAL,2026-08-07 11:45:00+05:30,1641.9232382638113,1655.0,1626.2311241803848,13.0767617361887,0.7964295425903235,9.535723005022321,4.683622146037057,1661.6434451538128,1648.4844365059334,1649.501471178899,1642.4000244140625,1657.645275123749,1618.352194434341,2026-08-07 12:00:00+05:30,1641.9232382638113,2026-08-07 15:15:00+05:30,1638.800048828125,0.23883508002162096,0.06278019250438525,0.1760548875172357,,TIME EXIT
TECHM,2026-08-13,BUY,BREAKOUT,2026-08-13 11:45:00+05:30,1647.5536202566964,1639.9464773995535,1662.7679059709822,7.607142857142857,0.4617235374687004,5.071428571428571,2.950217237603279,1641.163268997859,1640.35767333368,1637.4250844773526,1646.199951171875,1642.560431847774,1611.0704029439014,2026-08-13 12:00:00+05:30,1647.5536202566964,2026-08-13 14:45:00+05:30,1639.9464773995535,-1.0000000000000042,0.10828990931264672,-1.108289909312651,,STOP LOSS HIT
TECHM,2026-08-28,BUY,BREAKOUT,2026-08-28 10:15:00+05:30,1638.8164537702287,1630.699951171875,1655.049458966936,8.11650259835369,0.4952661159632017,8.328587123325892,3.453793782080264,1629.537368214068,1617.0147856001447,1603.6737220754985,1635.0999755859375,1612.2890717481343,1573.823748456719,2026-08-28 11:00:00+05:30,1638.8164537702287,2026-08-28 11:30:00+05:30,1630.699951171875,-1.0,0.1009558263495559,-1.1009558263495558,,STOP LOSS HIT
TECHM,2026-09-11,BUY,BREAKOUT,2026-09-11 10:30:00+05:30,1552.71573878697,1543.244307599749,1571.658601161412,9.471431187220983,0.609991317188577,6.314287458147321,3.091358934890216,1542.860864822592,1539.1000789320187,1530.7881440732665,1552.4000244140625,1540.41899880001,1506.5260578157781,2026-09-11 10:45:00+05:30,1552.71573878697,2026-09-11 12:15:00+05:30,1543.244307599749,-1.0000000000000033,0.08196837986227047,-1.081968379862274,,STOP LOSS HIT
TITAN,2026-08-06,BUY,BREAKOUT,2026-08-06 11:00:00+05:30,4983.894189453125,4965.10009765625,5021.482373046876,18.794091796875364,0.3770965249753348,19.8857421875,2.183593149725955,4977.3073412647045,4965.739848859609,4945.400599728547,4979.0,4929.013595336662,4883.328484240209,2026-08-06 11:30:00+05:30,4983.894189453125,2026-08-06 13:30:00+05:30,4965.10009765625,-1.0,0.1325920465675742,-1.1325920465675743,,STOP LOSS HIT
TITAN,2026-08-10,BUY,BREAKOUT,2026-08-10 09:45:00+05:30,5061.521231515067,5009.8784266880575,5164.806841169085,51.64280482700893,1.0203020488279306,34.428536551339285,11.68837666251125,5008.190852233148,4982.097380430146,4972.473625376774,5036.0,4963.255034942215,4907.794510774111,2026-08-10 10:00:00+05:30,5061.521231515067,2026-08-10 15:15:00+05:30,5100.0,0.7450944737379799,0.049005096145241865,0.696089377592738,,TIME EXIT
TITAN,2026-08-27,BUY,BREAKOUT,2026-08-27 12:45:00+05:30,5162.581947544643,5140.0,5207.74584263393,22.5819475446433,0.43741576935903975,15.642857142857142,2.5335991414313512,5110.998961780067,5132.539508335658,5119.240849795351,5152.10009765625,5147.637294261159,5059.820906390233,2026-08-27 13:15:00+05:30,5162.581947544643,2026-08-27 14:45:00+05:30,5140.0,-1.0,0.11430772162893603,-1.114307721628936,,STOP LOSS HIT
TITAN,2026-09-22,BUY,BREAKOUT,2026-09-22 10:00:00+05:30,4981.917857142857,4954.382142857143,5036.989285714286,27.535714285714285,0.5527131332812879,18.357142857142858,6.477941568339036,4926.772148658986,4898.498785207125,4871.61025757945,4963.5,4907.127672294308,4850.410158231491,,,,,,,,,CANCELLED
TITAN,2026-09-22,BUY,BREAKOUT,2026-09-22 11:00:00+05:30,4952.039285714286,4932.0,4992.117857142858,20.039285714286052,0.4046673412324428,20.785714285714285,2.302877589074233,4937.428231753721,4925.96510242084,4894.757740304249,4950.5,4910.951900399326,4846.591804516801,2026-09-22 11:15:00+05:30,4952.039285714286,2026-09-22 11:45:00+05:30,4932.0,-1.0,0.12355827838174806,-1.1235582783817482,,STOP LOSS HIT
TITAN,2026-09-23,SELL,BREAKOUT,2026-09-23 12:15:00+05:30,4876.226785714286,4890.855466071429,4846.969425,14.628680357142859,0.30000000000000004,15.464285714285714,2.1977433707065317,4904.252009876313,4896.748627873974,4908.709263642501,4877.0,4972.763992657881,4892.294776093514,2026-09-23 12:30:00+05:30,4876.226785714286,2026-09-23 15:00:00+05:30,4890.855466071429,-1.0000000000000036,0.16666666666666669,-1.1666666666666703,,STOP LOSS HIT
TITAN,2026-09-29,SELL,BREAKOUT,2026-09-29 12:30:00+05:30,4728.992857142857,4745.0,4696.978571428572,16.007142857142753,0.33848946997170726,20.142857142857142,2.4258040490215995,4759.86465470874,4756.545495695187,4775.064220277256,4730.0,4854.2325420009165,4783.774664668241,2026-09-29 12:45:00+05:30,4728.992857142857,2026-09-29 14:15:00+05:30,4696.978571428572,2.0,0.1477150825524329,1.852284917447567,,TARGET HIT
TITAN,2026-09-30,SELL,BREAKOUT,2026-09-30 13:30:00+05:30,4629.096428571429,4655.0,4577.289285714287,25.903571428571013,0.5595815906683334,18.071428571428573,2.22549893893512,4650.5300868608265,4648.897685361955,4662.888467570363,4632.0,4716.36971896165,4634.63891442564,2026-09-30 14:15:00+05:30,4629.096428571429,2026-09-30 15:15:00+05:30,4604.5,0.9495381221563803,0.0893524748379995,0.8601856473183809,,TIME EXIT
TITAN,2026-10-05,BUY,BREAKOUT,2026-10-05 13:45:00+05:30,4582.795807756696,4569.047420333426,4610.292582603237,13.74838742327009,0.3,13.914202008928571,2.010516355046106,4576.676250499387,4573.449677572341,4570.523576818467,4578.7998046875,4570.161917861971,4470.3288998599155,,,,,,,,,CANCELLED
TITAN,2026-10-07,SELL,BREAKOUT,2026-10-07 10:30:00+05:30,4365.11295514788,4390.0,4315.338865443639,24.887044852120198,0.570135185683347,29.742850167410715,5.934047070515427,4373.846432477106,4419.346219721658,4472.866401837145,4373.0,4576.732495320665,4413.51623197796,,,,,,,,,CANCELLED
TITAN,2026-10-07,SELL,BREAKOUT,2026-10-07 13:00:00+05:30,4364.255358886719,4380.60009765625,4331.565881347656,16.344738769531432,0.3745138041991389,14.892822265625,2.1690297978843973,4374.6551252831405,4380.588578352195,4413.667965141983,4370.60009765625,4586.612701265218,4403.87575653262,,,,,,,,,CANCELLED
TRENT,2026-08-06,SELL,BREAKOUT,2026-08-06 11:15:00+05:30,3061.135715157645,3076.5,3030.4071454729346,15.364284842355119,0.5019145268952532,17.285696847098215,5.5009076969568085,3068.376572485647,3073.1592474325566,3082.304532056948,3068.0,3157.9798423670995,3090.0136039964555,2026-08-06 11:30:00+05:30,3061.135715157645,2026-08-06 13:30:00+05:30,3076.5,-1.0,0.09961855519363105,-1.099618555193631,,STOP LOSS HIT
TRENT,2026-08-07,SELL,BREAKOUT,2026-08-07 11:30:00+05:30,3020.1470441545757,3037.0,2986.441132463727,16.852955845424276,0.5580177255952745,25.057163783482142,2.7343288962275394,3035.2346900906145,3039.8300782693314,3058.5412599614037,3021.800048828125,3136.905626234329,3062.537355466217,2026-08-07 11:45:00+05:30,3020.1470441545757,2026-08-07 13:30:00+05:30,2986.441132463727,2.0,0.08960288841481098,1.910397111585189,,TARGET HIT
TRENT,2026-09-04,BUY,BREAKOUT,2026-09-04 09:45:00+05:30,2879.5503566196985,2870.199951171875,2898.2511675153455,9.350405447823505,0.3247175527362521,11.007132393973214,3.4932121511310146,2863.8781734447443,2847.062382692962,2844.954600031534,2874.89990234375,2857.5338331710263,2807.166309832549,,,,,,,,,CANCELLED
TRENT,2026-09-22,SELL,BREAKOUT,2026-09-22 12:30:00+05:30,2776.0640276227678,2792.146128627232,2743.8998256138393,16.082101004464285,0.5793130433751523,10.721400669642858,2.057367996329056,2801.730522468353,2794.3551871002323,2802.600494568287,2778.800048828125,2849.1673281832313,2793.723986148969,2026-09-22 12:45:00+05:30,2776.0640276227678,2026-09-22 14:30:00+05:30,2792.146128627232,-0.999999999999996,0.08630912176375932,-1.0863091217637553,,STOP LOSS HIT
TRENT,2026-09-29,SELL,BREAKOUT,2026-09-29 10:15:00+05:30,2579.848831612723,2596.3809535435266,2546.784587751116,16.53212193080357,0.6408174668307584,11.021414620535714,9.477232801369812,2592.6707947494347,2603.9504324647382,2618.0408675085027,2585.0,2640.5888215085997,2601.8644144646905,,,,,,,,,CANCELLED
TRENT,2026-10-06,BUY,BREAKOUT,2026-10-06 09:45:00+05:30,2884.833571079799,2829.826438685826,2994.8478358677457,55.00713239397322,1.9067696987935405,36.671421595982146,30.59079336720451,2848.3484498973985,2712.9740680690347,2649.7776349063265,2875.39990234375,2803.8712278620355,2566.0572141327134,2026-10-06 10:30:00+05:30,2884.833571079799,2026-10-06 15:15:00+05:30,2900.0,0.2757174980796218,0.026222359224418252,0.24949513885520355,,TIME EXIT
TRENT,2026-10-08,BUY,BREAKOUT,2026-10-08 10:45:00+05:30,2934.4145926339284,2920.199951171875,2962.843875558035,14.21464146205335,0.48441149037819836,14.292829241071429,2.1452416177895253,2915.208270926723,2912.2267583085168,2902.523442545559,2924.0,2908.2258083242446,2855.777911942522,2026-10-08 11:15:00+05:30,2934.4145926339284,2026-10-08 11:15:00+05:30,2920.199951171875,-1.0,0.10321803052393144,-1.1032180305239314,,STOP LOSS HIT
ULTRACEMCO,2026-08-13,SELL,BREAKOUT,2026-08-13 09:45:00+05:30,11566.828571428572,11648.0,11404.485714285716,81.1714285714279,0.7017604529207848,63.42857142857143,3.1140059975304286,11655.117494837,11684.146505782646,11707.589663492503,11592.0,11939.835197106611,11828.222299551324,,,,,,,,,CANCELLED
ULTRACEMCO,2026-09-08,SELL,BREAKOUT,2026-09-08 09:45:00+05:30,11053.55,11097.05,10966.55,43.5,0.3935387273771775,29.0,2.142576419213974,11099.876601164484,11150.505232721864,11194.153244063109,11065.0,11216.396962710169,11108.695647944664,,,,,,,,,CANCELLED
ULTRACEMCO,2026-09-08,SELL,BREAKOUT,2026-09-08 10:45:00+05:30,11063.242857142857,11101.0,10987.728571428572,37.75714285714275,0.34128458847638227,35.142857142857146,2.8413685847589423,11104.547015980483,11122.578143322877,11166.463113218431,11074.0,11225.440629458446,11099.67221311305,2026-09-08 11:00:00+05:30,11063.242857142857,2026-09-08 11:15:00+05:30,11101.0,-1.0,0.14650529701097278,-1.1465052970109728,,STOP LOSS HIT
ULTRACEMCO,2026-09-23,BUY,BREAKOUT,2026-09-23 12:00:00+05:30,11199.082142857143,11160.0,11277.24642857143,39.08214285714348,0.34897630322383477,41.642857142857146,3.324723984983006,11124.66246199576,11136.448545702748,11113.55883381805,11193.0,11141.145050276786,10918.293195311993,,,,,,,,,CANCELLED
ULTRACEMCO,2026-09-29,SELL,BREAKOUT,2026-09-29 10:45:00+05:30,10901.182142857142,10937.0,10829.546428571426,35.817857142857974,0.32856855956972664,36.357142857142854,2.3451589474272305,10924.492284160217,10942.3438987804,10975.140556271614,10920.0,11096.494290632043,10933.635404226246,,,,,,,,,CANCELLED
ULTRACEMCO,2026-09-29,SELL,BREAKOUT,2026-09-29 13:30:00+05:30,10901.225,10948.0,10807.675000000001,46.774999999999636,0.42908021804888563,35.5,3.0308420215215843,10955.504305820057,10958.46560180286,10970.88359975964,10913.0,11102.858590089885,10927.28264998284,2026-09-29 14:15:00+05:30,10901.225,2026-09-29 15:15:00+05:30,10844.0,1.2234099412079276,0.11652832709780957,1.106881614110118,,TIME EXIT
ULTRACEMCO,2026-10-01,SELL,BREAKOUT,2026-10-01 09:45:00+05:30,10704.296428571428,10759.0,10594.889285714284,54.703571428572104,0.5110431292108072,54.07142857142857,2.261160389704813,10764.193280098178,10835.791546538641,10871.565791840429,10721.0,11014.914152955225,10790.66122258021,2026-10-01 10:00:00+05:30,10704.296428571428,2026-10-01 14:45:00+05:30,10759.0,-1.0,0.09783910034601954,-1.0978391003460195,,STOP LOSS HIT
